Date,Close/Last,Volume,Open,High,Low
08/10/2018,215.15,4642146.0,208.0,222.25,206.85
05/10/2018,209.2,3519515.0,217.0,218.6,205.9
04/10/2018,218.2,1728786.0,223.5,227.8,216.15
03/10/2018,227.6,1708590.0,230.0,237.5,225.75
01/10/2018,230.9,1534749.0,234.55,234.6,221.05
28/09/2018,233.75,3069914.0,234.05,235.95,230.2
27/09/2018,233.25,5082859.0,234.55,236.8,231.1
26/09/2018,234.25,2240909.0,240.0,240.0,232.5
25/09/2018,236.1,2349368.0,233.3,236.75,232.0
24/09/2018,233.3,3423509.0,233.55,239.2,230.75
21/09/2018,234.6,5395319.0,235.0,237.0,227.95
19/09/2018,234.9,1362058.0,235.95,237.2,233.45
18/09/2018,235.05,2614794.0,237.9,239.25,233.5
17/09/2018,236.6,3170894.0,233.15,238.0,230.25
14/09/2018,233.95,6377909.0,223.45,236.7,223.3
12/09/2018,222.65,4570939.0,216.35,223.7,212.65
11/09/2018,216.0,3508990.0,222.5,225.4,214.85
10/09/2018,222.0,7514106.0,222.5,235.15,220.65
07/09/2018,222.95,1232507.0,221.0,224.5,219.1
06/09/2018,221.05,1738824.0,224.0,225.0,218.2
05/09/2018,222.4,3023097.0,222.0,224.6,215.2
04/09/2018,223.7,3554859.0,238.2,238.2,222.6
03/09/2018,236.7,5242852.0,236.0,243.55,235.05
31/08/2018,234.3,3353833.0,237.0,239.75,232.95
30/08/2018,236.0,1921327.0,235.35,237.3,232.1
29/08/2018,234.55,1394661.0,233.85,237.7,232.7
28/08/2018,233.35,2374782.0,237.0,239.3,231.3
27/08/2018,237.05,1990020.0,231.8,239.35,231.05
24/08/2018,231.0,1838417.0,234.5,237.2,230.2
23/08/2018,235.45,1553953.0,240.3,240.6,233.1
21/08/2018,240.55,3272005.0,246.9,246.9,239.25
20/08/2018,245.15,1690225.0,244.0,247.0,243.0
17/08/2018,243.0,2838238.0,240.8,244.5,239.2
16/08/2018,239.35,2551480.0,236.05,242.0,235.95
14/08/2018,237.55,1885288.0,235.0,238.5,235.0
13/08/2018,234.55,1948583.0,233.0,236.45,232.25
10/08/2018,233.55,2035594.0,237.3,237.95,231.1
09/08/2018,237.3,1127248.0,236.65,239.85,235.3
08/08/2018,236.35,1807313.0,237.25,240.5,235.05
07/08/2018,237.6,1963538.0,241.0,241.55,235.3
06/08/2018,239.5,2560616.0,235.15,240.45,234.15
03/08/2018,234.65,3357945.0,236.0,239.0,232.0
02/08/2018,235.45,5700851.0,232.5,238.05,230.4
01/08/2018,235.65,13272609.0,248.7,254.95,234.35
31/07/2018,246.9,4422342.0,243.4,249.65,241.5
30/07/2018,242.2,1867720.0,243.7,247.0,240.9
27/07/2018,242.25,1581985.0,241.0,243.95,239.15
26/07/2018,239.1,3996921.0,235.9,242.95,234.5
25/07/2018,236.9,2310430.0,248.5,248.5,235.8
24/07/2018,246.3,2278457.0,244.0,249.2,241.9
23/07/2018,243.3,2351769.0,238.9,244.25,235.25
20/07/2018,238.6,3003282.0,231.25,240.95,231.25
19/07/2018,233.1,4223216.0,239.7,243.3,228.6
18/07/2018,238.65,3343525.0,248.4,249.6,232.7
17/07/2018,247.9,3158004.0,241.55,251.85,240.3
16/07/2018,243.25,3454849.0,257.9,257.9,242.1
13/07/2018,258.9,3357333.0,265.0,265.75,257.55
12/07/2018,265.2,2250217.0,270.4,272.45,264.35
11/07/2018,269.8,1407688.0,274.8,275.45,267.45
10/07/2018,274.75,1284523.0,275.9,277.8,272.55
09/07/2018,275.25,2267486.0,268.25,276.2,267.0
06/07/2018,266.3,2022333.0,269.8,273.25,265.7
05/07/2018,271.25,2338411.0,277.45,282.4,270.0
04/07/2018,277.3,3598212.0,281.0,281.0,275.35
03/07/2018,281.0,6676660.0,264.5,284.5,262.7
02/07/2018,264.45,3661633.0,271.0,273.1,263.25
29/06/2018,269.35,2077927.0,262.7,270.15,262.7
28/06/2018,263.95,4511203.0,263.0,268.25,261.45
27/06/2018,265.6,2234204.0,265.1,268.4,261.2
26/06/2018,267.35,2208389.0,264.8,269.7,263.3
25/06/2018,264.5,2103452.0,260.1,266.95,260.1
22/06/2018,262.1,2459832.0,257.9,263.55,256.45
21/06/2018,258.2,3020580.0,258.05,262.35,255.5
20/06/2018,260.85,3367252.0,263.7,264.75,257.0
19/06/2018,267.05,6224725.0,274.65,274.65,266.05
18/06/2018,275.35,1541522.0,271.55,276.85,269.15
15/06/2018,272.15,3133233.0,279.15,281.0,271.45
14/06/2018,277.8,3646744.0,269.8,278.75,268.2
13/06/2018,269.6,1232644.0,267.0,270.5,265.35
12/06/2018,267.6,1206633.0,262.75,268.4,262.75
11/06/2018,263.7,3538690.0,265.6,271.25,262.7
08/06/2018,266.95,1104173.0,263.7,269.35,263.55
07/06/2018,267.1,1527128.0,266.9,269.7,263.3
06/06/2018,265.75,2052017.0,262.75,266.7,260.35
05/06/2018,263.75,4208120.0,255.5,264.7,254.8
04/06/2018,255.25,1819147.0,265.0,265.4,253.5
01/06/2018,263.25,2622839.0,269.7,269.7,258.55
31/05/2018,269.2,3469905.0,267.0,272.0,260.7
30/05/2018,264.5,4154146.0,254.0,266.0,253.2
29/05/2018,257.5,2235734.0,257.4,262.7,257.0
28/05/2018,260.65,2649349.0,254.7,262.2,254.65
25/05/2018,257.85,2071496.0,252.2,259.4,252.2
24/05/2018,254.5,2921253.0,251.0,255.5,247.3
23/05/2018,250.2,4295785.0,246.5,252.35,245.55
22/05/2018,247.15,3175432.0,244.0,251.1,244.0
21/05/2018,243.55,3180360.0,244.1,248.35,240.55
18/05/2018,244.7,3297714.0,248.3,248.95,243.35
17/05/2018,247.5,7108750.0,243.5,249.3,242.5
16/05/2018,241.1,6328483.0,240.0,245.6,237.25
15/05/2018,242.65,9298329.0,256.45,259.5,240.75
14/05/2018,255.9,16822847.0,280.0,281.35,251.85
11/05/2018,287.5,1974327.0,284.4,290.5,284.4
10/05/2018,285.25,1446384.0,292.95,293.0,283.45
09/05/2018,292.0,1820409.0,289.6,294.35,288.6
08/05/2018,289.7,1720983.0,296.0,296.2,287.25
07/05/2018,294.2,1848551.0,288.8,295.5,287.0
04/05/2018,287.8,1399442.0,287.05,291.5,282.3
03/05/2018,286.65,2561225.0,292.75,292.75,283.1
02/05/2018,292.75,1857277.0,297.4,300.0,289.4
30/04/2018,297.55,3046154.0,293.9,298.5,292.05
27/04/2018,292.1,1858644.0,293.45,294.4,291.05
26/04/2018,291.2,4942803.0,292.5,293.65,288.75
25/04/2018,289.1,4804882.0,283.05,291.25,282.05
24/04/2018,283.15,2131466.0,283.0,288.0,281.8
23/04/2018,283.6,1687369.0,287.7,287.8,282.65
20/04/2018,286.3,2523492.0,285.95,288.8,283.65
19/04/2018,286.2,2434183.0,286.0,288.65,283.6
18/04/2018,284.1,4719061.0,282.3,287.45,279.25
17/04/2018,280.95,5799262.0,282.0,285.25,277.5
16/04/2018,279.65,3030999.0,274.0,280.2,272.55
13/04/2018,275.5,2196800.0,274.0,277.35,271.75
12/04/2018,273.85,2149205.0,273.9,277.8,271.65
11/04/2018,273.85,1996390.0,276.1,276.35,271.5
10/04/2018,275.5,2190930.0,280.2,280.7,274.1
09/04/2018,277.8,4623765.0,275.0,281.65,273.0
06/04/2018,272.7,1852060.0,274.8,275.65,271.0
05/04/2018,273.0,2658707.0,274.55,277.0,271.5
04/04/2018,270.25,3283985.0,276.7,279.05,269.55
03/04/2018,274.8,2613360.0,276.0,277.55,271.7
02/04/2018,276.95,6610831.0,259.35,278.4,259.35
28/03/2018,258.75,2283408.0,261.25,264.0,257.5
27/03/2018,263.8,3071911.0,264.0,265.75,260.75
26/03/2018,262.2,2440719.0,258.05,263.5,253.7
23/03/2018,257.9,2297852.0,251.05,258.9,250.0
22/03/2018,258.85,1681596.0,264.65,264.65,257.6
21/03/2018,263.2,1477158.0,265.3,266.3,262.15
20/03/2018,262.05,2855717.0,259.7,263.65,255.1
19/03/2018,260.6,3665423.0,272.6,273.0,258.35
16/03/2018,272.4,2762357.0,280.8,282.7,271.05
15/03/2018,279.6,2877987.0,278.0,284.4,277.25
14/03/2018,278.5,2056369.0,275.25,281.25,275.25
13/03/2018,278.2,3095190.0,278.05,281.3,273.2
12/03/2018,276.05,2583575.0,270.0,276.65,269.7
09/03/2018,268.35,1614381.0,275.9,275.9,266.6
08/03/2018,273.4,2246589.0,270.5,274.2,265.0
07/03/2018,268.9,4847214.0,272.0,274.45,265.15
06/03/2018,274.15,6601857.0,276.7,283.1,271.45
05/03/2018,275.65,4680138.0,274.8,276.95,270.55
01/03/2018,274.85,2322191.0,275.0,277.35,274.1
28/02/2018,275.5,2808234.0,273.0,277.0,272.0
27/02/2018,275.0,4778178.0,275.0,279.7,273.1
26/02/2018,273.5,3672359.0,273.55,274.8,271.55
23/02/2018,270.7,3895920.0,264.2,271.9,263.0
22/02/2018,262.15,5466484.0,265.95,269.9,261.1
21/02/2018,266.6,3638163.0,265.0,268.85,262.2
20/02/2018,262.85,5120799.0,268.7,274.2,261.65
19/02/2018,267.95,2620461.0,277.0,277.05,263.0
16/02/2018,275.6,1925414.0,280.25,282.75,274.2
15/02/2018,279.05,1807307.0,284.35,285.25,276.0
14/02/2018,281.95,2455660.0,287.95,289.0,280.9
12/02/2018,285.1,4583181.0,282.4,289.6,279.7
09/02/2018,278.25,3121544.0,271.1,279.8,271.1
08/02/2018,280.45,5863983.0,282.0,286.5,276.1
07/02/2018,280.15,8055761.0,270.0,284.4,270.0
06/02/2018,266.7,7044561.0,259.0,270.3,253.25
05/02/2018,273.1,6833906.0,265.1,276.9,255.15
02/02/2018,274.85,6697007.0,284.0,285.0,260.25
01/02/2018,288.35,4593306.0,290.25,294.9,278.6
31/01/2018,290.65,5397599.0,302.9,303.7,286.1
30/01/2018,304.0,2590100.0,300.95,307.3,299.45
29/01/2018,301.8,1806919.0,305.25,306.8,300.7
25/01/2018,304.25,3631793.0,304.0,311.25,301.65
24/01/2018,304.25,2154759.0,306.0,310.7,302.8
23/01/2018,307.2,4416130.0,310.7,310.7,304.05
22/01/2018,308.85,3278437.0,307.05,314.95,306.6
19/01/2018,308.35,3653286.0,306.0,310.0,300.95
18/01/2018,305.45,3408593.0,315.05,315.75,301.4
17/01/2018,313.55,3742677.0,313.85,317.0,307.55
16/01/2018,316.4,4683847.0,323.0,326.9,311.45
15/01/2018,323.0,4519030.0,327.7,328.75,321.65
12/01/2018,325.75,14484043.0,315.05,328.35,315.0
11/01/2018,313.3,3481728.0,314.0,316.7,311.8
10/01/2018,314.1,2517494.0,315.0,319.1,312.55
09/01/2018,315.3,2411068.0,317.6,319.65,314.0
08/01/2018,317.6,2171903.0,314.65,319.2,312.2
05/01/2018,312.95,1896601.0,312.3,315.85,310.35
04/01/2018,312.25,2703849.0,312.0,313.5,307.25
03/01/2018,311.2,2073353.0,311.9,315.15,310.15
02/01/2018,311.15,2014415.0,314.3,314.95,307.55
01/01/2018,312.9,1602814.0,317.75,317.8,311.8
29/12/2017,316.4,6874520.0,308.05,318.0,306.35
28/12/2017,306.6,4620000.0,306.5,309.3,303.55
27/12/2017,305.55,3315278.0,305.5,308.8,302.5
26/12/2017,305.95,3956481.0,303.7,307.7,300.55
22/12/2017,302.75,4703911.0,301.0,306.35,299.7
21/12/2017,300.15,2280137.0,302.25,303.0,298.15
20/12/2017,300.85,4692403.0,301.0,303.8,297.75
19/12/2017,300.65,8383608.0,292.0,301.45,291.7
18/12/2017,290.85,5912782.0,280.0,293.95,275.1
15/12/2017,286.85,3036814.0,289.0,289.95,286.15
14/12/2017,284.3,5575066.0,288.0,288.25,279.2
13/12/2017,284.45,6799578.0,290.0,292.5,282.2
12/12/2017,287.8,6874578.0,298.6,298.6,286.65
11/12/2017,298.35,8045275.0,290.0,299.55,285.9
08/12/2017,288.45,4297335.0,287.55,289.9,285.05
07/12/2017,284.0,3820082.0,276.0,284.85,275.65
06/12/2017,274.95,4358618.0,278.9,282.95,273.6
05/12/2017,279.95,4876970.0,279.4,283.75,278.15
04/12/2017,279.05,5784862.0,285.0,286.5,276.4
01/12/2017,283.55,7150041.0,288.45,293.6,282.6
30/11/2017,287.1,9944314.0,278.9,292.2,277.55
29/11/2017,280.2,6464166.0,287.3,290.65,278.3
28/11/2017,287.75,11258640.0,277.0,289.8,276.5
27/11/2017,277.45,2208868.0,277.5,278.4,274.3
24/11/2017,278.7,3855810.0,275.05,280.0,275.05
23/11/2017,274.8,3371088.0,273.15,276.95,270.5
22/11/2017,274.05,5015906.0,273.5,275.85,267.75
21/11/2017,273.15,12063135.0,275.9,280.75,271.15
20/11/2017,274.9,13458563.0,261.15,276.25,259.25
17/11/2017,259.9,6857865.0,252.25,260.8,250.8
16/11/2017,251.95,6292626.0,254.0,254.65,247.2
15/11/2017,250.9,17805319.0,237.9,253.35,237.9
14/11/2017,246.7,15847309.0,234.7,248.0,228.4
13/11/2017,234.4,2923051.0,236.3,239.8,232.85
10/11/2017,236.15,7726311.0,240.7,244.0,234.65
09/11/2017,240.45,11299727.0,225.8,241.6,225.3
08/11/2017,224.5,3299527.0,226.0,228.0,222.55
07/11/2017,225.0,5306883.0,235.0,235.5,221.3
06/11/2017,234.7,6994467.0,224.9,236.9,224.0
03/11/2017,225.3,1920643.0,227.0,227.9,224.35
02/11/2017,226.35,7866167.0,227.9,231.25,223.4
01/11/2017,227.8,3608627.0,226.95,231.4,226.35
31/10/2017,226.95,5175219.0,226.95,228.25,223.15
30/10/2017,226.8,13953152.0,225.0,230.25,222.5
27/10/2017,220.5,8891566.0,211.3,221.8,209.75
26/10/2017,209.8,4964383.0,204.95,210.85,203.4
25/10/2017,205.3,2640192.0,211.0,211.5,203.0
24/10/2017,209.65,3568231.0,204.0,210.25,203.55
23/10/2017,203.1,2952899.0,205.5,207.45,202.6
19/10/2017,204.6,532661.0,207.9,207.95,203.7
18/10/2017,206.8,4687271.0,211.45,211.45,205.6
17/10/2017,210.3,3269191.0,210.4,213.35,209.05
16/10/2017,209.6,2658347.0,210.3,211.85,207.1
13/10/2017,210.25,3171251.0,211.0,214.2,209.25
12/10/2017,212.0,3902627.0,211.0,212.9,208.0
11/10/2017,209.4,6891689.0,209.45,216.0,205.6
10/10/2017,208.45,2125747.0,209.5,211.15,207.7
09/10/2017,208.3,1653094.0,209.65,211.35,207.65
06/10/2017,209.6,2534607.0,210.0,212.25,208.65
05/10/2017,209.45,2228532.0,204.95,210.55,204.55
04/10/2017,204.95,1964885.0,207.3,207.7,203.15
03/10/2017,206.45,1985873.0,207.25,210.55,205.0
29/09/2017,205.8,3721338.0,204.5,209.9,203.4
28/09/2017,203.15,4602566.0,199.05,204.5,198.7
27/09/2017,198.6,3331256.0,206.5,207.0,196.65
26/09/2017,204.65,5546594.0,196.0,206.45,195.3
25/09/2017,196.65,4019965.0,201.45,202.0,192.3
22/09/2017,201.15,3851873.0,211.0,211.0,200.0
21/09/2017,212.2,2914695.0,214.0,214.8,207.3
20/09/2017,213.7,2906933.0,216.4,216.85,213.1
19/09/2017,216.2,9580786.0,213.0,220.2,212.85
18/09/2017,213.3,2491966.0,212.65,215.0,210.7
15/09/2017,210.55,2608124.0,211.0,213.7,208.85
14/09/2017,212.05,2980684.0,208.5,213.8,207.35
13/09/2017,207.3,4637092.0,214.65,214.95,206.2
12/09/2017,212.05,4884083.0,212.0,213.65,210.15
11/09/2017,209.25,3393087.0,209.2,211.05,207.3
08/09/2017,206.9,6430260.0,206.1,210.8,205.45
07/09/2017,205.75,5862028.0,207.95,209.3,204.8
06/09/2017,205.95,14490021.0,195.1,207.2,194.6
05/09/2017,196.7,3442385.0,194.3,197.4,193.3
04/09/2017,193.3,4372250.0,198.0,198.4,190.5
01/09/2017,197.6,3401210.0,198.25,200.65,196.3
31/08/2017,198.0,7760949.0,198.5,200.7,196.1
30/08/2017,197.05,7173447.0,193.0,198.15,192.35
29/08/2017,190.35,5679382.0,192.95,197.5,189.35
28/08/2017,193.3,3684762.0,195.0,196.3,192.05
24/08/2017,194.25,4587179.0,197.3,198.3,193.7
23/08/2017,196.55,7522673.0,191.5,197.45,189.15
22/08/2017,189.85,7466196.0,197.15,199.5,188.85
21/08/2017,196.15,15744338.0,196.65,203.0,194.4
18/08/2017,194.4,10030010.0,189.8,196.4,188.05
17/08/2017,190.6,10381703.0,194.0,197.4,189.8
16/08/2017,193.85,29191015.0,182.5,196.75,181.5
14/08/2017,178.75,9368807.0,166.0,180.3,165.1
11/08/2017,164.2,6027593.0,155.1,164.8,152.05
10/08/2017,156.0,2470478.0,161.85,163.5,153.2
09/08/2017,162.1,1267995.0,165.5,166.9,160.45
08/08/2017,166.0,2372930.0,171.8,171.8,165.6
07/08/2017,170.45,2548868.0,167.0,171.7,167.0
04/08/2017,166.45,2298689.0,164.7,167.6,163.85
03/08/2017,166.65,2895078.0,165.95,169.4,164.5
02/08/2017,165.1,2009220.0,168.0,168.55,164.2
01/08/2017,167.5,2140964.0,171.0,171.75,166.75
31/07/2017,169.55,1896521.0,169.5,172.4,168.35
28/07/2017,169.15,2290563.0,167.9,170.65,166.85
27/07/2017,168.4,2370296.0,173.85,173.85,167.7
26/07/2017,172.2,3803339.0,172.0,175.35,170.75
25/07/2017,171.15,2103806.0,170.5,172.25,169.2
24/07/2017,170.0,2636591.0,172.2,174.3,169.45
21/07/2017,172.2,4670938.0,171.9,173.85,169.7
20/07/2017,171.3,2791324.0,175.4,176.25,170.3
19/07/2017,175.15,4161102.0,173.8,177.4,173.7
18/07/2017,173.75,3264325.0,176.1,178.7,173.05
17/07/2017,177.0,4882663.0,174.25,179.3,172.6
14/07/2017,174.2,2831387.0,175.9,175.9,172.05
13/07/2017,175.4,5222043.0,175.35,176.7,171.2
12/07/2017,173.75,10623109.0,171.05,174.8,169.0
11/07/2017,169.5,12571250.0,167.05,172.8,167.05
10/07/2017,166.55,4761386.0,159.0,167.85,157.1
07/07/2017,157.75,6442241.0,153.15,158.9,153.1
06/07/2017,153.35,4873097.0,156.5,157.8,152.75
05/07/2017,156.15,5849123.0,151.5,157.1,150.0
04/07/2017,150.05,3080845.0,153.7,154.15,149.75
03/07/2017,151.6,8680232.0,152.5,155.65,150.75
30/06/2017,150.65,1854572.0,148.0,151.7,147.1
29/06/2017,148.5,2280933.0,149.95,151.7,147.9
28/06/2017,149.15,2135161.0,147.25,150.2,146.4
27/06/2017,147.35,1465569.0,151.15,151.95,145.75
23/06/2017,151.15,1980476.0,154.6,155.0,149.8
22/06/2017,154.75,2216575.0,157.0,158.6,154.0
21/06/2017,156.8,2770731.0,156.8,159.4,156.05
20/06/2017,156.85,1212404.0,156.75,158.65,155.55
19/06/2017,156.4,1362450.0,159.0,159.55,155.9
16/06/2017,158.2,1968954.0,159.95,161.8,157.7
15/06/2017,159.1,3647423.0,158.45,162.75,157.6
14/06/2017,158.45,4815053.0,156.95,160.45,155.05
13/06/2017,156.45,3463217.0,152.45,157.7,151.7
12/06/2017,152.1,1438107.0,153.5,154.5,151.75
09/06/2017,154.4,1319642.0,154.9,155.65,152.8
08/06/2017,154.6,1479812.0,155.1,156.9,153.4
07/06/2017,155.55,1943703.0,152.65,156.4,152.4
06/06/2017,153.0,1290705.0,155.0,155.65,152.2
05/06/2017,154.95,1647207.0,155.05,156.5,152.9
02/06/2017,154.85,3603942.0,153.1,158.35,152.15
01/06/2017,152.4,2952069.0,148.35,154.0,148.25
31/05/2017,149.4,3325237.0,148.55,151.0,147.55
30/05/2017,145.55,1513053.0,145.0,146.2,143.7
29/05/2017,145.4,977041.0,147.2,147.5,143.9
26/05/2017,146.9,1417686.0,144.0,147.25,143.5
25/05/2017,143.05,1842806.0,143.45,144.65,142.1
24/05/2017,141.7,1755862.0,145.2,146.1,140.2
23/05/2017,144.75,1355129.0,148.05,148.4,143.65
22/05/2017,147.8,1098727.0,149.8,151.15,147.2
19/05/2017,149.5,2744849.0,149.5,153.8,148.35
18/05/2017,147.5,1233917.0,152.0,152.6,147.0
17/05/2017,152.85,1161590.0,154.0,154.65,152.5
16/05/2017,154.45,1306020.0,154.6,155.45,153.0
15/05/2017,154.6,1012554.0,152.65,155.0,152.45
12/05/2017,152.65,940916.0,154.0,154.75,151.65
11/05/2017,154.0,589464.0,155.0,156.2,153.2
10/05/2017,154.85,1186929.0,154.9,156.35,153.9
09/05/2017,154.05,939148.0,153.2,155.15,152.55
08/05/2017,152.6,1239593.0,152.8,154.15,151.95
05/05/2017,152.3,1349536.0,156.5,156.5,151.1
04/05/2017,155.35,1653237.0,156.3,158.3,154.8
03/05/2017,156.2,1523044.0,158.85,158.85,155.55
02/05/2017,157.7,6827849.0,154.3,161.45,153.75
28/04/2017,153.1,1132516.0,153.4,154.7,152.0
27/04/2017,152.1,1388038.0,155.0,155.4,151.55
26/04/2017,153.75,4161713.0,152.45,156.6,151.6
25/04/2017,151.7,945527.0,152.4,153.15,151.0
24/04/2017,151.95,1079887.0,151.0,153.25,151.0
21/04/2017,151.3,1293698.0,153.5,153.9,149.7
20/04/2017,152.15,1540540.0,150.25,153.6,150.25
19/04/2017,150.2,1092317.0,147.9,150.8,147.5
18/04/2017,148.15,1563947.0,149.1,152.5,147.5
17/04/2017,149.45,830703.0,151.0,151.0,148.55
13/04/2017,150.5,1272204.0,152.0,153.0,149.8
12/04/2017,151.75,1907247.0,153.95,153.95,150.3
11/04/2017,153.4,2064221.0,151.5,153.75,151.05
10/04/2017,150.95,1857915.0,151.5,152.25,149.4
07/04/2017,150.6,1444642.0,152.8,154.45,150.0
06/04/2017,153.05,2295942.0,152.9,154.35,151.25
05/04/2017,152.65,2011288.0,152.8,154.8,151.0
03/04/2017,151.9,1788548.0,150.65,153.5,150.3
31/03/2017,150.55,1193137.0,151.45,152.1,150.1
30/03/2017,150.15,3022795.0,151.45,152.75,149.7
29/03/2017,150.6,2092924.0,151.7,153.0,149.5
28/03/2017,150.55,2740120.0,149.9,153.9,148.0
27/03/2017,148.6,2933289.0,151.0,151.9,148.0
24/03/2017,151.15,3485991.0,152.9,153.15,150.5
23/03/2017,151.6,6422298.0,143.9,152.5,143.2
22/03/2017,143.1,2306755.0,145.55,145.55,142.2
21/03/2017,145.9,2955856.0,147.0,148.45,145.1
20/03/2017,146.45,2675495.0,144.8,147.45,144.8
17/03/2017,144.8,1898811.0,145.7,145.7,142.25
16/03/2017,144.7,3987646.0,141.6,145.5,141.35
15/03/2017,140.9,1279451.0,139.6,142.1,139.3
14/03/2017,139.5,838219.0,140.2,140.4,138.6
10/03/2017,137.1,1671172.0,140.85,142.25,136.75
09/03/2017,140.8,1073015.0,140.6,142.35,140.2
08/03/2017,141.4,1103877.0,142.4,143.0,140.05
07/03/2017,142.75,727617.0,143.0,144.15,142.2
06/03/2017,143.25,2043052.0,143.95,145.2,142.1
03/03/2017,143.35,1672938.0,141.1,144.2,140.1
02/03/2017,141.1,1765255.0,145.45,145.75,140.05
01/03/2017,143.6,4919352.0,138.5,145.8,138.25
28/02/2017,138.05,1513693.0,139.15,139.85,136.75
27/02/2017,138.9,1129032.0,139.0,140.45,138.35
23/02/2017,139.25,1340126.0,140.05,140.9,138.7
22/02/2017,140.0,1296093.0,142.55,142.75,139.6
21/02/2017,141.6,1671915.0,142.15,143.2,141.0
20/02/2017,141.6,1517679.0,141.0,142.6,139.8
17/02/2017,140.15,952450.0,140.9,141.95,139.65
16/02/2017,140.1,942382.0,139.2,140.7,138.1
15/02/2017,138.75,1193620.0,140.9,142.85,138.0
14/02/2017,141.2,1395593.0,142.4,143.7,139.95
13/02/2017,141.95,2224197.0,144.9,146.85,141.25
10/02/2017,143.95,1367413.0,143.95,145.5,142.6
09/02/2017,143.9,1726818.0,146.0,147.15,143.05
08/02/2017,146.15,2162887.0,141.95,146.9,141.35
07/02/2017,141.65,2205918.0,142.1,145.8,140.1
06/02/2017,142.75,2127506.0,141.9,144.75,141.2
03/02/2017,141.85,3569132.0,138.2,143.9,137.1
02/02/2017,137.65,6652685.0,132.45,138.8,132.4
01/02/2017,130.1,1221969.0,129.05,130.65,127.35
31/01/2017,128.85,1614154.0,130.5,132.0,128.5
30/01/2017,130.45,1256759.0,129.1,131.8,128.1
27/01/2017,129.2,759876.0,128.35,129.95,128.35
25/01/2017,128.35,909771.0,129.25,129.25,127.45
24/01/2017,128.45,996229.0,128.8,128.95,126.85
23/01/2017,127.9,746313.0,127.6,128.4,126.6
20/01/2017,126.4,961631.0,130.25,131.35,126.0
19/01/2017,130.5,1308883.0,129.8,131.55,129.15
18/01/2017,128.65,1059940.0,128.0,130.45,127.7
17/01/2017,127.6,851814.0,128.6,129.4,126.55
16/01/2017,127.65,538746.0,128.2,128.4,127.0
13/01/2017,128.35,3617760.0,126.9,130.9,126.65
12/01/2017,125.15,1403598.0,128.3,128.4,124.05
11/01/2017,127.55,839283.0,125.0,127.9,124.55
10/01/2017,124.45,533212.0,125.5,125.5,123.8
09/01/2017,124.75,414927.0,124.75,125.5,123.95
06/01/2017,124.65,1255021.0,125.4,126.95,124.05
05/01/2017,125.2,503565.0,124.75,125.65,124.55
04/01/2017,124.45,656213.0,125.0,126.05,123.8
03/01/2017,124.45,580430.0,122.8,125.4,122.8
02/01/2017,123.55,1102178.0,122.8,124.2,121.35
30/12/2016,122.0,1017447.0,121.1,123.3,121.1
29/12/2016,121.1,1025503.0,119.6,122.15,119.6
28/12/2016,119.6,866902.0,119.2,122.0,119.2
27/12/2016,120.55,728501.0,117.0,121.05,116.45
26/12/2016,117.0,425216.0,118.8,118.85,116.3
23/12/2016,118.85,749376.0,119.5,119.8,118.0
22/12/2016,119.4,839802.0,122.4,122.4,119.0
21/12/2016,121.6,677057.0,120.75,122.95,120.75
20/12/2016,121.25,646197.0,124.8,125.0,120.75
19/12/2016,124.3,923038.0,124.8,126.1,124.0
16/12/2016,124.3,804735.0,125.0,125.0,122.95
15/12/2016,124.45,2212399.0,122.5,126.85,122.2
14/12/2016,122.75,826188.0,123.85,124.8,122.4
13/12/2016,123.35,502421.0,124.05,125.0,123.05
12/12/2016,123.35,760874.0,123.9,125.0,122.1
09/12/2016,123.9,920060.0,124.35,124.6,123.5
08/12/2016,123.85,1090370.0,123.0,125.1,123.0
07/12/2016,122.3,1217621.0,124.35,124.5,120.75
06/12/2016,123.4,1486818.0,123.8,125.25,122.8
05/12/2016,123.65,1401882.0,121.45,124.85,121.1
02/12/2016,121.55,1343432.0,121.5,123.4,120.3
01/12/2016,121.9,1205710.0,124.65,124.65,121.55
30/11/2016,123.85,1616908.0,122.95,124.4,122.5
29/11/2016,121.95,1993986.0,122.8,124.2,121.5
28/11/2016,120.95,1738935.0,118.55,121.8,117.5
25/11/2016,118.5,1474301.0,116.0,119.2,115.6
24/11/2016,115.1,2220419.0,117.65,117.65,114.5
23/11/2016,117.65,2170944.0,118.8,118.9,116.85
22/11/2016,117.3,3411500.0,117.8,118.8,116.05
21/11/2016,115.65,1976322.0,120.1,121.8,114.9
18/11/2016,120.1,2008909.0,118.9,121.0,118.3
17/11/2016,118.6,1306586.0,121.7,122.8,115.2
16/11/2016,121.3,4703414.0,123.1,125.3,120.4
15/11/2016,117.0,2405650.0,119.8,119.8,114.25
11/11/2016,118.65,3058329.0,123.0,125.35,117.25
10/11/2016,125.4,2170482.0,124.0,127.1,123.65
09/11/2016,121.9,5272740.0,118.0,122.9,114.95
08/11/2016,127.45,2758553.0,130.0,131.0,126.55
07/11/2016,128.0,1948286.0,127.7,130.4,127.25
04/11/2016,126.85,4614456.0,131.0,132.0,126.0
03/11/2016,131.35,2063211.0,134.1,136.25,130.8
02/11/2016,134.95,2026448.0,138.0,138.0,134.5
01/11/2016,138.6,1497745.0,139.4,140.75,138.3
30/10/2016,139.4,428310.0,140.65,141.0,139.0
28/10/2016,139.95,2281364.0,138.0,141.3,138.0
27/10/2016,137.75,8524741.0,139.5,141.2,135.65
26/10/2016,145.4,3586046.0,148.0,151.2,144.05
25/10/2016,150.0,3234883.0,149.05,151.75,148.4
24/10/2016,154.05,2715234.0,152.9,156.0,152.0
21/10/2016,152.5,1751366.0,152.45,154.2,151.15
20/10/2016,152.35,2780284.0,155.95,156.65,151.95
19/10/2016,154.6,6685790.0,152.0,157.7,150.85
18/10/2016,151.9,2736835.0,150.95,152.7,150.75
17/10/2016,150.25,3180180.0,153.0,154.25,149.2
14/10/2016,153.2,3968866.0,149.0,154.2,147.4
13/10/2016,147.85,3116651.0,151.45,153.0,145.1
10/10/2016,151.65,2063455.0,151.9,153.95,151.1
07/10/2016,151.25,4097231.0,152.3,154.5,150.6
06/10/2016,150.9,6256632.0,153.95,155.45,148.6
05/10/2016,153.3,9741635.0,141.95,154.4,140.45
04/10/2016,141.8,2678079.0,142.5,143.25,138.75
03/10/2016,142.35,1927658.0,140.95,143.15,139.8
30/09/2016,139.6,1471713.0,136.95,140.9,136.2
29/09/2016,137.0,4753568.0,147.9,148.0,134.35
28/09/2016,146.75,6464628.0,148.1,149.15,145.6
27/09/2016,144.55,3316650.0,140.9,146.4,140.55
26/09/2016,140.65,2769361.0,143.45,144.25,140.0
23/09/2016,142.4,3538509.0,138.9,144.0,138.1
22/09/2016,138.9,1204798.0,139.15,139.95,137.7
21/09/2016,138.05,1635459.0,138.0,140.35,137.6
20/09/2016,138.0,1787917.0,139.7,140.35,137.5
19/09/2016,139.9,1362666.0,139.85,141.3,138.95
16/09/2016,139.85,3029995.0,138.35,141.7,137.85
15/09/2016,137.0,1451283.0,137.35,138.5,136.3
14/09/2016,137.45,1045853.0,135.2,138.2,135.1
12/09/2016,135.3,2248691.0,137.9,138.4,134.95
09/09/2016,139.7,1199464.0,142.2,142.7,138.8
08/09/2016,142.2,1155009.0,142.25,143.5,141.8
07/09/2016,142.2,2381717.0,141.75,144.2,141.3
06/09/2016,141.75,1300643.0,141.9,143.25,141.25
02/09/2016,141.6,1681308.0,141.4,142.6,141.0
01/09/2016,141.1,2493654.0,140.25,143.35,140.0
31/08/2016,140.25,1401308.0,140.1,141.6,140.0
30/08/2016,140.2,1832319.0,139.65,140.75,138.75
29/08/2016,139.0,1604324.0,140.55,141.15,137.8
26/08/2016,139.9,1468343.0,141.0,141.7,138.9
25/08/2016,140.45,4868511.0,143.4,145.5,140.1
24/08/2016,140.25,2956023.0,140.4,142.45,139.8
23/08/2016,139.6,1282978.0,138.7,141.0,138.4
22/08/2016,138.4,1398679.0,142.0,142.05,138.0
19/08/2016,141.25,2298138.0,139.85,141.85,138.75
18/08/2016,138.85,901208.0,138.45,139.55,137.85
17/08/2016,137.65,778141.0,138.8,139.4,137.15
16/08/2016,138.05,1518494.0,136.9,139.1,136.1
12/08/2016,136.95,1024054.0,137.8,139.45,136.0
11/08/2016,137.3,1140212.0,137.5,139.25,135.75
10/08/2016,137.75,3289526.0,144.25,144.5,137.25
09/08/2016,143.25,8549636.0,143.9,147.0,139.15
08/08/2016,142.9,2430227.0,138.55,143.5,138.4
05/08/2016,139.1,1427614.0,138.5,140.65,138.5
04/08/2016,138.3,1515003.0,136.0,139.4,135.5
03/08/2016,135.75,1451654.0,138.4,140.05,135.1
02/08/2016,138.4,1175233.0,141.0,141.8,138.1
01/08/2016,141.0,1987955.0,143.0,144.85,138.25
29/07/2016,142.15,3056272.0,140.9,144.7,139.2
28/07/2016,140.15,3754038.0,138.0,142.25,136.55
27/07/2016,137.45,3576969.0,131.45,138.75,131.45
26/07/2016,131.15,1271947.0,133.45,134.55,130.55
25/07/2016,133.45,1656721.0,131.75,134.0,131.2
22/07/2016,131.5,2012357.0,131.9,132.9,131.2
21/07/2016,131.8,1884426.0,134.8,134.8,131.15
20/07/2016,133.85,1887075.0,130.35,134.8,130.35
19/07/2016,130.05,3903542.0,131.5,131.5,128.8
18/07/2016,129.95,2283784.0,133.0,133.45,129.15
15/07/2016,132.6,1587827.0,134.0,134.5,132.25
14/07/2016,132.6,1093389.0,132.9,133.3,131.6
13/07/2016,132.15,1306338.0,132.9,133.8,131.1
12/07/2016,132.9,1612081.0,133.45,135.15,132.5
11/07/2016,133.1,1689644.0,134.0,135.0,132.7
08/07/2016,132.6,1296935.0,134.45,134.6,131.45
07/07/2016,134.45,2125346.0,133.5,136.4,133.45
05/07/2016,133.9,942568.0,134.25,136.15,133.2
04/07/2016,134.1,1144671.0,135.6,135.8,133.8
01/07/2016,134.9,5379977.0,132.0,136.75,131.5
30/06/2016,131.2,2810587.0,130.5,131.95,129.45
29/06/2016,129.7,2735697.0,128.15,130.9,128.1
28/06/2016,127.85,2563561.0,127.5,128.6,126.75
27/06/2016,125.95,2162032.0,124.75,126.4,124.3
24/06/2016,124.25,3585896.0,120.5,124.85,117.1
23/06/2016,126.75,1408701.0,127.5,128.15,125.6
22/06/2016,127.25,2792498.0,125.6,128.65,124.7
21/06/2016,125.45,447117.0,126.3,126.8,125.1
20/06/2016,126.15,732869.0,124.55,127.15,124.55
17/06/2016,125.7,1717907.0,126.5,128.35,124.7
16/06/2016,126.1,1489092.0,126.9,128.55,123.8
15/06/2016,127.0,1662070.0,127.25,128.15,126.6
14/06/2016,126.5,2902578.0,129.4,129.5,126.0
13/06/2016,128.15,4305954.0,122.0,129.0,122.0
10/06/2016,123.65,900666.0,125.3,126.0,122.7
09/06/2016,124.95,2825223.0,127.3,127.45,124.6
08/06/2016,124.4,2390316.0,119.3,126.5,118.9
07/06/2016,119.35,690551.0,119.4,120.35,118.85
06/06/2016,119.3,866406.0,120.35,121.2,118.6
03/06/2016,120.2,1783456.0,120.95,122.1,119.7
02/06/2016,119.25,549738.0,118.5,119.8,117.65
01/06/2016,118.05,581341.0,118.2,119.45,117.85
31/05/2016,117.75,658231.0,117.8,119.1,117.55
30/05/2016,117.95,692008.0,118.0,119.65,117.3
27/05/2016,117.3,676137.0,118.1,119.4,116.85
26/05/2016,118.6,1383549.0,120.0,120.25,118.15
25/05/2016,119.5,1787665.0,120.0,121.0,119.15
24/05/2016,121.75,1438192.0,121.7,122.2,119.7
23/05/2016,120.4,1396870.0,120.5,124.1,119.7
20/05/2016,120.05,466672.0,119.9,121.15,119.5
19/05/2016,119.95,1085102.0,120.0,122.0,118.95
18/05/2016,120.95,641976.0,120.0,121.75,119.55
17/05/2016,120.35,1068540.0,121.0,121.4,119.6
16/05/2016,120.65,688646.0,119.55,121.0,118.45
13/05/2016,119.55,1103386.0,118.0,120.7,118.0
12/05/2016,118.95,596225.0,117.75,119.2,117.25
11/05/2016,117.3,622661.0,117.0,118.25,116.3
10/05/2016,118.2,526190.0,119.0,119.95,118.0
09/05/2016,118.75,1207381.0,118.9,120.4,117.45
06/05/2016,118.1,654231.0,116.55,119.5,115.8
05/05/2016,116.35,745000.0,117.0,117.8,115.3
04/05/2016,116.95,894057.0,119.8,119.8,116.3
03/05/2016,119.45,1356187.0,121.6,122.55,119.15
02/05/2016,121.1,717595.0,119.35,121.8,119.0
29/04/2016,120.05,869948.0,121.0,121.05,119.0
28/04/2016,120.3,2142054.0,122.5,123.5,120.0
27/04/2016,122.4,1949554.0,122.5,123.95,121.95
26/04/2016,121.8,984070.0,120.6,122.5,120.6
25/04/2016,121.2,782130.0,120.4,121.9,120.0
22/04/2016,120.25,716365.0,119.0,121.85,119.0
21/04/2016,120.1,892645.0,122.4,122.75,119.55
20/04/2016,121.85,1572869.0,120.2,123.2,119.55
18/04/2016,120.0,765331.0,120.85,121.0,119.1
13/04/2016,120.65,928735.0,119.05,121.35,118.95
12/04/2016,118.35,788617.0,119.5,120.1,118.05
11/04/2016,119.5,1050521.0,118.0,120.25,117.85
08/04/2016,117.7,648096.0,118.5,119.0,117.0
07/04/2016,118.7,1147382.0,118.1,120.4,118.1
06/04/2016,118.85,1327276.0,119.6,120.0,115.0
05/04/2016,118.25,1663091.0,121.0,121.15,118.0
04/04/2016,121.2,831737.0,122.85,123.45,120.75
01/04/2016,122.55,1532533.0,122.0,124.2,120.2
31/03/2016,121.25,1627181.0,122.0,122.3,120.3
30/03/2016,121.4,1922207.0,119.9,125.0,119.5
29/03/2016,119.3,3588313.0,119.1,120.4,118.4
28/03/2016,119.4,1382616.0,120.0,121.0,118.5
23/03/2016,119.45,1230385.0,121.6,122.15,118.65
22/03/2016,121.4,1469400.0,121.05,123.3,120.45
21/03/2016,119.9,839802.0,119.2,120.9,118.75
18/03/2016,118.9,2062464.0,116.5,119.65,115.95
17/03/2016,115.8,1396728.0,116.0,116.95,115.0
16/03/2016,115.1,964165.0,115.7,116.1,114.1
15/03/2016,115.45,1082982.0,116.0,116.4,115.0
14/03/2016,115.65,1609295.0,116.05,117.35,113.9
11/03/2016,115.85,1170769.0,116.55,117.6,115.05
10/03/2016,116.45,1177827.0,117.8,118.1,115.4
09/03/2016,116.85,1555016.0,115.65,117.5,114.55
08/03/2016,115.65,1677380.0,114.3,116.4,113.1
04/03/2016,113.25,1377634.0,110.0,113.9,109.15
03/03/2016,109.5,1260507.0,110.5,111.25,107.95
02/03/2016,109.9,1220668.0,110.0,112.75,109.45
01/03/2016,108.9,1481271.0,104.2,109.5,104.2
29/02/2016,103.55,1639500.0,105.0,107.1,101.6
26/02/2016,104.75,2381968.0,107.95,108.5,103.8
25/02/2016,106.2,9364686.0,107.8,108.05,102.5
24/02/2016,106.7,758132.0,106.2,108.3,105.0
23/02/2016,106.65,1037357.0,109.0,109.5,105.1
22/02/2016,109.1,1151733.0,107.3,109.85,107.0
19/02/2016,107.3,1340622.0,105.0,108.2,104.25
18/02/2016,104.55,1429030.0,105.4,106.5,102.5
17/02/2016,104.0,1268061.0,103.0,104.6,101.1
16/02/2016,102.65,1341261.0,107.7,108.9,102.2
15/02/2016,106.0,1091675.0,105.1,108.45,105.1
12/02/2016,104.3,2087141.0,103.25,106.4,100.0
11/02/2016,105.25,5524328.0,112.7,115.8,102.4
10/02/2016,118.35,1654991.0,120.5,121.0,116.45
09/02/2016,120.75,1109232.0,123.0,124.4,120.1
08/02/2016,123.9,1227619.0,123.05,126.1,122.5
05/02/2016,122.5,797137.0,121.9,123.95,121.45
04/02/2016,121.6,1120485.0,123.1,123.4,120.4
03/02/2016,121.75,877186.0,123.05,124.8,121.0
02/02/2016,124.25,734748.0,127.4,127.7,123.55
01/02/2016,126.6,592819.0,126.8,128.3,125.2
29/01/2016,126.5,925581.0,124.1,127.45,123.35
28/01/2016,123.15,1539708.0,124.95,125.4,122.6
27/01/2016,124.45,655053.0,124.95,125.95,123.3
25/01/2016,124.3,682689.0,125.85,127.0,123.4
22/01/2016,125.55,1084192.0,123.85,126.9,121.95
21/01/2016,121.75,1322358.0,123.05,124.55,119.5
20/01/2016,122.55,1278069.0,124.6,124.6,120.5
19/01/2016,126.4,1411260.0,122.95,127.0,121.55
18/01/2016,121.85,2065711.0,128.0,129.0,121.05
15/01/2016,128.5,1756768.0,135.0,135.4,127.5
14/01/2016,134.05,1431102.0,132.1,136.25,131.15
13/01/2016,135.6,1907971.0,141.75,141.95,130.3
12/01/2016,139.5,1353097.0,142.4,143.45,138.05
11/01/2016,141.9,1201860.0,143.2,144.0,140.95
08/01/2016,144.45,1284440.0,140.65,146.75,140.1
07/01/2016,140.05,1034747.0,144.1,144.7,139.0
06/01/2016,145.25,834054.0,147.1,149.8,144.5
05/01/2016,148.35,1502760.0,144.0,149.5,142.2
04/01/2016,143.7,950484.0,145.9,147.2,142.25
01/01/2016,146.4,781067.0,146.05,148.8,145.5
31/12/2015,146.2,1464755.0,147.0,148.0,144.2
30/12/2015,146.35,1746109.0,142.5,147.4,141.5
29/12/2015,141.9,1260484.0,144.4,144.4,141.2
28/12/2015,144.05,780709.0,144.9,145.25,143.45
24/12/2015,144.8,1428993.0,143.0,146.45,142.0
23/12/2015,142.0,561726.0,142.0,142.8,141.05
22/12/2015,141.2,609093.0,143.6,144.0,140.3
21/12/2015,142.9,1040800.0,141.55,144.3,141.3
18/12/2015,141.9,1147660.0,142.45,144.0,141.0
17/12/2015,142.2,1707401.0,137.6,142.8,136.3
16/12/2015,136.55,1191657.0,134.4,138.85,134.15
15/12/2015,133.85,589790.0,134.85,134.85,132.75
14/12/2015,134.35,773849.0,131.9,135.0,131.65
11/12/2015,133.2,836942.0,135.3,135.8,131.2
10/12/2015,135.3,704236.0,132.15,135.8,131.9
09/12/2015,132.15,1152536.0,135.15,136.3,130.4
08/12/2015,135.0,1271238.0,134.95,138.5,134.5
07/12/2015,135.35,476940.0,134.1,135.8,134.1
04/12/2015,133.65,758581.0,134.0,135.0,132.75
03/12/2015,134.9,689892.0,136.1,136.8,134.2
02/12/2015,136.2,565383.0,136.4,137.8,135.0
01/12/2015,136.25,911482.0,138.05,139.1,135.0
30/11/2015,137.55,849968.0,138.0,138.1,135.9
27/11/2015,136.95,1152280.0,134.9,138.4,134.9
26/11/2015,134.95,1904180.0,134.6,136.25,134.15
24/11/2015,134.35,613392.0,133.0,135.7,132.5
23/11/2015,132.95,842444.0,134.8,135.0,131.25
20/11/2015,133.8,1149754.0,131.05,136.0,131.05
19/11/2015,130.9,488288.0,129.6,131.4,129.25
18/11/2015,128.75,922793.0,133.65,133.65,128.1
17/11/2015,132.5,1152357.0,129.7,134.0,128.3
16/11/2015,128.15,580961.0,127.8,129.4,126.5
13/11/2015,128.0,737584.0,128.0,129.0,126.25
11/11/2015,127.9,100180.0,126.7,130.0,126.7
10/11/2015,125.7,525833.0,127.3,128.45,125.3
09/11/2015,128.8,1107840.0,124.9,129.45,123.0
06/11/2015,125.85,858491.0,126.8,128.25,124.75
05/11/2015,128.0,892494.0,131.75,132.6,127.5
04/11/2015,131.75,557561.0,132.0,133.5,131.4
03/11/2015,131.75,519168.0,133.3,134.15,130.8
02/11/2015,132.65,621684.0,134.0,135.0,130.95
30/10/2015,133.45,774022.0,137.0,137.25,131.0
29/10/2015,135.9,2084196.0,135.9,138.5,134.8
28/10/2015,135.6,593469.0,135.8,136.95,135.0
27/10/2015,135.8,881996.0,138.7,139.1,135.1
26/10/2015,138.9,734224.0,138.4,140.2,137.2
23/10/2015,137.8,413539.0,138.7,140.0,136.85
21/10/2015,137.55,589717.0,139.7,139.7,135.6
20/10/2015,139.4,2469431.0,134.7,141.9,134.65
19/10/2015,134.7,405056.0,133.6,135.1,133.25
16/10/2015,134.0,357403.0,135.0,135.2,132.6
15/10/2015,134.7,591991.0,134.2,135.0,133.2
14/10/2015,134.0,1428493.0,133.0,135.0,132.4
13/10/2015,132.3,1028678.0,134.55,134.7,131.7
12/10/2015,134.55,566886.0,135.0,136.0,133.9
09/10/2015,134.7,1317037.0,134.0,135.35,133.35
08/10/2015,133.35,846622.0,134.9,134.9,131.85
07/10/2015,133.05,994870.0,132.1,133.95,131.6
06/10/2015,130.55,1009128.0,132.5,132.55,129.6
05/10/2015,131.85,746173.0,131.45,132.45,130.1
01/10/2015,130.05,1218988.0,128.95,131.2,127.4
30/09/2015,127.8,915110.0,127.4,129.4,126.65
29/09/2015,126.6,1009942.0,126.5,127.6,123.1
28/09/2015,127.1,1253307.0,125.0,128.0,123.8
24/09/2015,124.2,1011551.0,124.8,125.95,123.65
23/09/2015,125.0,1055109.0,123.35,125.35,122.25
22/09/2015,123.9,1284630.0,126.2,127.0,122.9
21/09/2015,125.5,623623.0,123.05,126.2,123.05
18/09/2015,125.45,1284690.0,124.0,126.0,122.9
16/09/2015,123.1,695624.0,126.95,126.95,122.15
15/09/2015,125.4,939558.0,124.05,126.45,124.05
14/09/2015,124.05,789201.0,124.1,124.5,121.65
11/09/2015,123.25,784377.0,124.8,125.3,122.7
10/09/2015,123.75,1042265.0,122.0,124.6,120.0
09/09/2015,123.65,1569358.0,122.1,124.5,121.55
08/09/2015,120.95,1414288.0,121.4,122.1,117.0
07/09/2015,120.45,1349442.0,121.6,122.45,118.35
04/09/2015,120.2,2496844.0,124.55,124.55,116.75
03/09/2015,124.15,4688477.0,120.75,125.0,119.0
02/09/2015,118.85,1927201.0,116.1,119.35,115.5
01/09/2015,115.2,2716732.0,118.75,118.75,114.05
31/08/2015,119.6,2010188.0,117.8,120.15,116.85
28/08/2015,118.15,3490011.0,118.35,120.4,117.0
27/08/2015,116.35,6857158.0,119.25,119.45,115.9
26/08/2015,117.3,1404188.0,117.95,119.8,115.15
25/08/2015,117.55,5056575.0,116.1,119.4,108.55
24/08/2015,114.85,3763375.0,128.9,128.9,112.5
21/08/2015,130.4,1043785.0,131.5,132.2,127.0
20/08/2015,132.9,1354813.0,133.3,135.0,131.75
19/08/2015,133.8,1504926.0,134.5,134.8,131.5
18/08/2015,134.15,2189190.0,134.2,136.4,132.55
17/08/2015,131.0,798673.0,132.5,132.9,130.7
14/08/2015,132.1,1714304.0,131.2,133.7,129.75
13/08/2015,130.0,1074691.0,134.5,134.75,129.4
12/08/2015,133.05,1197225.0,137.7,137.7,132.1
11/08/2015,137.7,1269206.0,139.2,140.8,136.2
10/08/2015,138.95,1248444.0,142.0,142.65,138.25
07/08/2015,141.95,992867.0,142.95,145.0,141.6
06/08/2015,143.75,3835649.0,142.0,147.3,141.0
05/08/2015,142.15,1550830.0,144.2,144.65,141.8
04/08/2015,143.3,2117898.0,143.4,144.75,141.0
03/08/2015,140.85,1673236.0,141.4,143.85,140.25
31/07/2015,140.2,2328615.0,136.0,142.8,135.35
30/07/2015,137.15,1848759.0,137.7,137.7,135.5
29/07/2015,138.65,1150281.0,138.15,138.9,137.25
28/07/2015,137.45,1294926.0,137.8,138.5,136.15
27/07/2015,137.55,1245996.0,140.6,140.6,136.75
24/07/2015,140.8,1542474.0,140.85,142.3,140.1
23/07/2015,140.85,2009103.0,139.95,142.2,139.4
22/07/2015,139.5,1310150.0,137.0,140.0,134.5
21/07/2015,137.5,1965237.0,140.1,141.9,136.9
20/07/2015,141.75,2394358.0,138.2,142.55,138.2
17/07/2015,139.0,2108950.0,138.9,140.0,137.25
16/07/2015,138.0,804974.0,138.95,138.95,136.6
15/07/2015,138.15,1530200.0,137.5,139.5,136.6
14/07/2015,137.05,1974367.0,137.0,138.2,135.75
13/07/2015,136.8,1720786.0,134.9,137.8,134.25
10/07/2015,134.55,1590741.0,134.8,135.6,133.8
09/07/2015,133.95,1049069.0,134.9,135.7,133.2
08/07/2015,134.9,1608817.0,136.1,138.0,134.2
07/07/2015,138.2,3133999.0,135.6,141.65,135.1
06/07/2015,135.0,1260314.0,133.1,135.6,132.2
03/07/2015,136.1,1032972.0,137.5,138.6,135.25
02/07/2015,137.1,1826569.0,135.45,138.05,135.1
01/07/2015,135.55,2667661.0,132.5,136.1,131.3
30/06/2015,132.2,4332991.0,129.75,132.75,129.15
29/06/2015,129.55,1397938.0,132.0,132.0,128.2
26/06/2015,133.85,928889.0,133.2,135.0,132.3
25/06/2015,135.7,2736280.0,132.9,136.4,132.6
24/06/2015,133.2,1696146.0,133.35,135.25,132.5
23/06/2015,133.85,2115793.0,135.6,135.9,133.0
22/06/2015,135.0,1019044.0,133.75,136.45,133.7
19/06/2015,133.75,1278156.0,133.2,136.2,132.65
18/06/2015,132.6,970883.0,132.95,133.9,132.3
17/06/2015,132.35,2239733.0,129.3,134.15,128.85
16/06/2015,128.7,1341209.0,128.95,129.5,126.8
15/06/2015,129.1,1933262.0,127.85,130.9,127.1
12/06/2015,128.15,2641286.0,133.6,134.45,125.7
11/06/2015,134.4,1586596.0,137.0,137.75,133.6
10/06/2015,136.6,799419.0,137.6,138.7,136.0
09/06/2015,137.55,877704.0,135.0,138.9,134.0
08/06/2015,134.85,1937914.0,138.8,138.8,134.0
05/06/2015,138.5,756591.0,137.9,139.7,136.85
04/06/2015,137.75,2132044.0,137.65,138.6,136.0
03/06/2015,137.35,2271136.0,140.6,141.2,136.5
02/06/2015,140.8,2077218.0,145.0,145.75,140.0
01/06/2015,145.15,569531.0,145.3,146.4,144.8
29/05/2015,146.25,1343454.0,143.05,146.65,143.05
28/05/2015,144.9,5132085.0,149.4,150.3,143.0
27/05/2015,148.7,909189.0,147.4,150.0,147.4
26/05/2015,148.8,1118631.0,146.8,149.7,146.8
25/05/2015,147.45,872187.0,147.5,149.45,146.75
22/05/2015,147.95,1010894.0,147.0,149.15,146.55
21/05/2015,146.65,702795.0,146.15,147.5,145.05
20/05/2015,145.95,1648427.0,147.45,148.75,144.55
19/05/2015,147.55,1138811.0,147.8,149.25,146.8
18/05/2015,147.95,1497623.0,147.75,150.45,147.65
15/05/2015,147.4,2232739.0,146.85,148.5,145.45
14/05/2015,146.3,1373721.0,145.05,146.9,143.65
13/05/2015,144.55,2227212.0,143.15,145.9,143.05
12/05/2015,142.85,3019872.0,143.3,145.5,139.4
11/05/2015,143.35,2341680.0,141.4,143.9,140.55
08/05/2015,141.05,1572681.0,139.0,141.85,138.3
07/05/2015,137.75,2366296.0,139.0,140.45,136.6
06/05/2015,139.8,2281538.0,144.25,144.95,138.75
05/05/2015,144.55,1785800.0,143.85,145.9,143.5
04/05/2015,143.55,1103984.0,143.4,144.9,142.55
30/04/2015,142.1,2456804.0,142.25,143.15,140.4
29/04/2015,142.55,1836583.0,142.25,143.35,141.5
28/04/2015,141.95,3701269.0,141.6,144.15,141.0
27/04/2015,142.15,3007045.0,147.65,148.15,141.4
24/04/2015,147.25,1179218.0,150.65,150.65,146.2
23/04/2015,150.2,2312755.0,151.0,152.5,149.9
22/04/2015,149.65,2719219.0,150.9,151.75,145.85
21/04/2015,150.2,3096387.0,152.9,154.65,149.65
20/04/2015,153.25,1753170.0,157.3,157.75,151.2
17/04/2015,157.55,1223180.0,159.25,161.2,157.0
16/04/2015,159.3,1373494.0,158.9,160.25,156.05
15/04/2015,158.95,4215595.0,161.45,163.5,157.85
13/04/2015,161.5,3122578.0,161.65,162.75,158.6
10/04/2015,161.2,6349564.0,152.7,162.5,152.05
09/04/2015,152.05,852909.0,152.35,153.0,151.0
08/04/2015,151.6,1142129.0,151.8,153.7,150.8
07/04/2015,151.1,1810409.0,152.4,152.4,149.9
06/04/2015,151.45,843471.0,151.95,152.1,149.8
01/04/2015,151.1,575050.0,148.8,151.95,148.8
31/03/2015,148.8,1383972.0,150.25,151.2,148.3
30/03/2015,149.75,818899.0,147.1,150.25,146.55
27/03/2015,145.75,2099157.0,148.45,149.2,142.7
26/03/2015,147.3,2029247.0,148.05,149.55,146.5
25/03/2015,149.0,1566031.0,148.0,149.4,147.75
24/03/2015,147.95,1328198.0,147.35,148.95,146.2
23/03/2015,147.2,1229406.0,149.8,150.55,146.9
20/03/2015,149.95,1834524.0,153.75,153.75,149.0
19/03/2015,153.85,1776564.0,156.65,157.35,152.7
18/03/2015,155.85,1268390.0,156.9,158.25,155.4
17/03/2015,156.7,1416285.0,155.25,157.3,155.25
16/03/2015,154.75,1343251.0,154.95,155.65,152.85
13/03/2015,154.85,2248388.0,160.95,161.1,153.55
12/03/2015,160.0,2130596.0,158.5,161.4,157.85
11/03/2015,157.85,1773712.0,157.35,159.5,156.7
10/03/2015,157.25,1354766.0,159.65,161.0,155.8
09/03/2015,159.05,2281047.0,159.05,162.85,157.25
05/03/2015,159.3,1419036.0,157.9,161.4,156.1
04/03/2015,158.35,2204041.0,164.0,164.35,157.0
03/03/2015,163.55,4314580.0,158.5,164.9,157.15
02/03/2015,158.35,1211587.0,155.5,158.9,155.0
28/02/2015,154.9,816168.0,156.75,157.0,152.8
27/02/2015,156.05,1540677.0,153.4,156.55,153.15
26/02/2015,152.55,2960597.0,153.9,154.5,151.9
25/02/2015,153.5,1546220.0,155.55,156.25,153.1
24/02/2015,155.55,1404899.0,156.0,157.3,153.6
23/02/2015,155.95,1614558.0,160.95,161.5,155.3
20/02/2015,159.7,2886605.0,157.75,162.25,156.6
19/02/2015,157.0,1377032.0,157.4,158.5,154.45
18/02/2015,156.85,1122120.0,155.5,158.0,155.05
16/02/2015,155.15,696970.0,157.85,157.95,154.75
13/02/2015,157.4,1565871.0,155.65,158.95,154.85
12/02/2015,155.2,1727098.0,154.95,156.8,153.2
11/02/2015,154.35,1131718.0,151.2,154.7,151.2
10/02/2015,151.55,1719968.0,148.9,153.15,148.0
09/02/2015,149.55,1470539.0,151.5,152.9,148.7
06/02/2015,152.4,1392578.0,154.4,154.7,151.55
05/02/2015,154.75,2403931.0,159.25,159.8,153.5
04/02/2015,158.55,1567779.0,160.7,163.1,157.65
03/02/2015,160.45,1927234.0,164.0,164.5,159.2
02/02/2015,163.6,5423705.0,157.9,167.75,157.75
30/01/2015,158.7,4094370.0,158.95,162.4,154.05
29/01/2015,158.25,2823390.0,158.95,160.75,157.3
28/01/2015,158.75,1819031.0,158.8,159.9,157.65
27/01/2015,159.4,1634586.0,161.0,162.0,158.6
23/01/2015,161.15,2437301.0,159.15,162.15,156.9
22/01/2015,158.85,2326838.0,157.1,160.6,157.1
21/01/2015,158.0,2696995.0,157.4,159.4,156.65
20/01/2015,156.35,1211357.0,156.8,157.45,155.6
19/01/2015,156.55,1000172.0,154.3,157.8,154.3
16/01/2015,154.3,1299810.0,155.0,155.75,153.75
15/01/2015,155.65,1183917.0,156.6,157.6,154.05
14/01/2015,154.85,1383172.0,155.05,157.0,153.8
13/01/2015,155.25,1558189.0,157.55,157.9,154.2
12/01/2015,157.35,1647105.0,156.35,158.7,155.2
09/01/2015,155.6,4013444.0,154.5,157.7,153.3
08/01/2015,153.7,2292977.0,149.9,154.5,149.5
07/01/2015,148.45,2770541.0,147.2,149.2,146.0
06/01/2015,148.15,2390258.0,151.95,151.95,147.0
05/01/2015,152.95,1873161.0,151.65,154.5,151.65
02/01/2015,152.5,2043127.0,150.9,153.2,150.55
01/01/2015,150.7,535692.0,150.95,151.75,150.35
31/12/2014,150.95,1347935.0,148.8,151.85,148.65
30/12/2014,149.05,747441.0,148.8,149.6,148.1
29/12/2014,148.65,913003.0,147.15,149.9,147.15
26/12/2014,146.85,999836.0,147.15,148.0,145.6
24/12/2014,146.9,6940283.0,148.95,149.9,146.1
23/12/2014,148.3,1396448.0,147.8,149.05,146.75
22/12/2014,147.5,1657451.0,147.55,148.25,145.6
19/12/2014,147.4,1456641.0,148.5,149.7,146.55
18/12/2014,147.5,1538715.0,146.45,149.0,146.35
17/12/2014,145.0,4975475.0,144.3,145.85,137.05
16/12/2014,144.25,2871674.0,150.7,152.2,143.3
15/12/2014,151.6,1510454.0,152.1,154.2,151.4
12/12/2014,152.95,1376256.0,155.2,157.0,152.5
11/12/2014,155.65,1006074.0,156.0,157.2,154.4
10/12/2014,156.0,1102295.0,154.0,157.4,154.0
09/12/2014,154.85,1339740.0,158.75,158.85,154.1
08/12/2014,158.3,1580445.0,160.95,161.45,157.7
05/12/2014,161.1,1451138.0,163.5,164.8,160.65
04/12/2014,163.4,1691661.0,163.7,164.2,161.4
03/12/2014,163.25,2826458.0,164.9,165.9,162.75
02/12/2014,163.35,3473392.0,159.7,164.25,157.2
01/12/2014,159.55,1893457.0,161.85,162.9,159.25
28/11/2014,161.3,3713876.0,162.25,163.9,159.65
27/11/2014,161.0,7062154.0,159.5,162.4,155.7
26/11/2014,155.3,1634296.0,154.05,155.8,153.25
25/11/2014,154.2,1704935.0,157.2,157.55,152.5
24/11/2014,156.95,1832296.0,157.0,158.3,155.75
21/11/2014,156.75,1541039.0,157.2,158.9,156.1
20/11/2014,156.95,1670273.0,157.1,158.1,154.6
19/11/2014,157.85,3713745.0,160.2,163.35,157.25
18/11/2014,159.4,1709932.0,160.5,161.35,158.6
17/11/2014,159.9,4643861.0,154.35,161.9,154.35
14/11/2014,155.25,2634731.0,154.95,156.15,153.65
13/11/2014,154.2,2038270.0,156.7,156.95,154.0
12/11/2014,155.85,1887415.0,158.85,158.85,155.3
11/11/2014,158.25,1662143.0,158.7,159.65,157.4
10/11/2014,157.75,1570697.0,161.05,162.6,157.25
07/11/2014,160.9,2600609.0,157.9,161.5,157.0
05/11/2014,161.65,2428509.0,164.8,165.0,160.45
03/11/2014,163.75,2713036.0,161.0,164.2,160.1
31/10/2014,160.1,4750346.0,158.9,161.2,158.05
30/10/2014,157.45,4589900.0,157.15,158.95,156.9
29/10/2014,157.3,1079352.0,157.0,158.25,156.6
28/10/2014,156.35,1153614.0,156.75,157.55,156.05
27/10/2014,156.3,1019575.0,159.25,159.25,155.95
23/10/2014,158.35,526665.0,157.6,159.0,157.1
22/10/2014,156.5,2010555.0,156.8,157.5,155.5
21/10/2014,155.55,2584790.0,154.1,156.35,153.4
20/10/2014,154.7,2073712.0,154.55,155.65,153.35
17/10/2014,153.35,3946921.0,152.75,153.9,150.8
16/10/2014,152.35,2254205.0,156.05,158.25,151.05
14/10/2014,156.4,1967222.0,158.4,159.3,156.0
13/10/2014,157.5,2022489.0,159.6,160.0,157.05
10/10/2014,160.25,3624666.0,160.65,163.9,158.7
09/10/2014,161.25,3216539.0,160.45,163.35,160.45
08/10/2014,160.25,1524087.0,158.0,161.0,157.75
07/10/2014,158.8,2284463.0,158.25,161.65,158.0
01/10/2014,158.85,1198264.0,160.0,162.0,158.4
30/09/2014,159.35,1917772.0,159.1,162.4,157.6
29/09/2014,159.0,2096263.0,160.0,161.9,158.3
26/09/2014,159.65,2924724.0,159.0,161.95,154.45
25/09/2014,160.3,2973253.0,165.4,165.65,159.1
24/09/2014,164.75,2219635.0,165.2,166.75,161.8
23/09/2014,164.45,3086572.0,170.2,171.8,163.65
22/09/2014,170.6,4342518.0,168.0,172.0,167.05
19/09/2014,168.6,6277667.0,165.7,172.9,164.1
18/09/2014,164.85,2243468.0,160.05,165.7,160.05
17/09/2014,161.6,2748845.0,160.7,162.7,156.9
16/09/2014,159.45,3786842.0,167.05,167.6,158.0
15/09/2014,167.2,2733612.0,169.0,170.85,166.35
12/09/2014,169.55,4325265.0,168.0,171.35,166.4
11/09/2014,167.4,6185414.0,162.85,169.85,161.0
10/09/2014,162.55,1964477.0,163.5,165.0,160.5
09/09/2014,165.2,2016606.0,165.1,166.25,162.6
08/09/2014,164.6,3403585.0,163.05,166.5,162.5
05/09/2014,162.25,4436559.0,163.8,164.5,160.05
04/09/2014,162.2,5685443.0,154.0,163.9,154.0
03/09/2014,154.25,1808768.0,156.8,156.8,153.55
02/09/2014,155.4,1903051.0,153.0,156.85,153.0
01/09/2014,153.9,1611331.0,151.1,154.35,151.1
28/08/2014,150.5,3046168.0,153.4,154.0,150.0
27/08/2014,153.1,1030109.0,153.35,154.85,152.5
26/08/2014,152.95,954442.0,154.4,155.5,151.35
25/08/2014,155.45,1498748.0,155.5,157.8,155.0
22/08/2014,155.45,1273200.0,158.5,158.5,155.0
21/08/2014,157.1,1803100.0,158.5,160.4,156.2
20/08/2014,158.5,3127760.0,156.55,159.5,156.25
19/08/2014,156.5,1835749.0,155.35,157.7,154.9
18/08/2014,154.4,1212265.0,152.2,155.35,151.55
14/08/2014,152.1,1220808.0,152.65,152.9,150.75
13/08/2014,151.15,1521138.0,153.1,154.3,150.3
12/08/2014,154.45,1282122.0,151.5,154.8,151.5
11/08/2014,151.9,1212104.0,150.7,153.0,150.7
08/08/2014,150.65,2393314.0,152.7,152.9,149.55
07/08/2014,154.15,1557133.0,153.6,155.1,152.65
06/08/2014,153.8,1890055.0,153.65,156.5,153.5
05/08/2014,154.9,1788911.0,154.1,155.6,152.5
04/08/2014,155.5,1677773.0,155.05,155.9,153.75
01/08/2014,154.3,2361557.0,152.0,156.85,151.75
31/07/2014,153.5,4155508.0,152.8,155.15,152.5
30/07/2014,152.9,2757448.0,155.95,155.95,152.45
28/07/2014,155.2,2789011.0,152.5,156.2,152.05
25/07/2014,153.5,3156927.0,156.2,157.4,152.55
24/07/2014,156.55,2894662.0,156.7,157.9,155.95
23/07/2014,156.8,3001729.0,159.5,159.7,155.7
22/07/2014,158.7,2700600.0,159.5,161.4,156.7
21/07/2014,159.2,1938059.0,161.5,162.45,158.75
18/07/2014,160.65,4974108.0,159.85,163.0,157.7
17/07/2014,160.35,2116223.0,157.25,161.0,156.25
16/07/2014,157.2,2539258.0,153.75,157.7,153.2
15/07/2014,153.75,1859780.0,152.35,154.0,151.5
14/07/2014,151.8,2443696.0,148.85,153.2,148.5
11/07/2014,149.8,3188567.0,154.8,156.3,149.15
10/07/2014,155.45,3284116.0,155.45,161.35,149.25
09/07/2014,154.95,3488714.0,158.0,159.6,152.75
08/07/2014,158.7,3349829.0,167.65,167.65,157.75
07/07/2014,167.05,2054919.0,168.1,169.6,166.65
04/07/2014,167.85,4246788.0,168.1,171.2,166.0
03/07/2014,169.2,5474004.0,175.0,175.0,168.35
02/07/2014,174.35,3796609.0,176.25,176.8,173.1
01/07/2014,174.8,5379012.0,173.35,176.6,171.5
30/06/2014,172.75,5884830.0,172.45,175.0,172.05
27/06/2014,171.1,5470675.0,168.0,172.95,168.0
26/06/2014,167.8,5084653.0,169.0,169.65,165.6
25/06/2014,169.5,4512185.0,166.3,170.75,166.3
24/06/2014,167.3,4394262.0,167.45,169.5,165.5
23/06/2014,167.95,8915917.0,166.0,171.2,164.8
20/06/2014,162.35,2474896.0,162.6,165.4,161.85
19/06/2014,162.9,2957708.0,164.6,165.35,161.3
18/06/2014,163.55,3059834.0,167.0,169.0,162.1
17/06/2014,167.05,2644231.0,166.0,167.95,163.7
16/06/2014,166.0,4149164.0,162.3,166.7,161.6
13/06/2014,163.7,6509643.0,170.0,173.95,161.15
12/06/2014,168.65,4131952.0,168.4,171.5,165.65
11/06/2014,169.35,7414725.0,175.8,176.1,165.05
10/06/2014,174.85,11693055.0,171.65,177.15,166.1
09/06/2014,171.2,8772925.0,173.85,175.45,170.1
06/06/2014,171.1,17064363.0,157.0,176.8,155.2
05/06/2014,154.05,2556595.0,154.3,154.8,151.15
04/06/2014,153.0,4764627.0,150.0,154.0,150.0
03/06/2014,150.3,3014557.0,148.0,151.85,147.75
02/06/2014,147.5,3308467.0,149.4,149.9,146.6
30/05/2014,149.1,4293795.0,150.0,151.0,145.35
29/05/2014,148.9,5050078.0,154.5,154.5,148.0
28/05/2014,156.25,1655825.0,157.0,158.2,154.75
27/05/2014,156.4,1748577.0,157.3,157.8,153.0
26/05/2014,156.45,5629757.0,158.5,163.0,152.75
23/05/2014,157.55,3014828.0,156.0,158.45,155.1
22/05/2014,155.55,3246095.0,154.5,157.4,153.4
21/05/2014,153.1,2539045.0,155.6,155.6,151.55
20/05/2014,153.45,3351574.0,152.95,154.85,151.05
19/05/2014,150.7,4970218.0,146.0,151.6,145.25
16/05/2014,144.75,3658879.0,146.35,147.5,143.25
15/05/2014,144.2,2208007.0,148.0,148.05,143.85
14/05/2014,147.3,1851834.0,147.0,148.5,145.4
13/05/2014,146.4,2352331.0,145.5,149.7,145.5
12/05/2014,144.55,1789879.0,145.8,146.7,144.15
09/05/2014,145.0,1219063.0,142.1,145.95,142.1
08/05/2014,142.45,1475651.0,145.05,145.55,142.1
07/05/2014,144.6,979792.0,145.05,146.4,144.15
06/05/2014,145.1,1231593.0,147.05,148.3,144.9
05/05/2014,146.7,1058888.0,148.6,148.6,146.4
02/05/2014,148.35,1207233.0,149.45,150.9,147.8
30/04/2014,149.45,2460179.0,152.45,153.5,146.5
29/04/2014,151.3,1294813.0,153.0,154.1,151.0
28/04/2014,152.85,1452937.0,153.0,154.55,151.75
25/04/2014,152.95,1867200.0,156.5,157.0,151.85
23/04/2014,156.1,3277200.0,157.85,159.4,155.05
22/04/2014,157.85,2243023.0,156.95,159.3,156.15
21/04/2014,156.15,2939902.0,158.25,160.0,155.55
17/04/2014,157.45,4644106.0,151.0,158.2,151.0
16/04/2014,150.5,1148162.0,153.25,153.95,150.0
15/04/2014,153.05,1464343.0,153.85,154.9,151.1
11/04/2014,152.75,1788771.0,152.2,154.0,151.75
10/04/2014,153.1,2017657.0,155.1,155.3,152.1
09/04/2014,154.4,3183552.0,152.75,155.95,152.5
07/04/2014,151.45,1476512.0,149.3,152.5,148.25
04/04/2014,152.2,1970278.0,152.0,153.8,150.15
03/04/2014,151.55,2346430.0,154.0,154.3,149.4
02/04/2014,153.5,2596842.0,155.0,155.65,152.1
01/04/2014,154.25,4863298.0,151.45,154.75,148.8
31/03/2014,150.05,4143774.0,150.0,152.7,148.1
28/03/2014,148.0,3912192.0,142.85,148.6,142.3
27/03/2014,141.8,3147980.0,143.0,143.75,141.3
26/03/2014,142.75,1763657.0,144.0,144.8,142.25
25/03/2014,142.9,1214418.0,142.55,144.0,142.4
24/03/2014,142.85,1239544.0,143.15,144.85,142.5
22/03/2014,143.65,125170.0,144.15,144.15,143.2
21/03/2014,143.4,2771806.0,143.0,146.0,142.45
20/03/2014,141.4,1578311.0,140.7,143.2,140.7
19/03/2014,141.3,1982788.0,143.2,143.8,141.1
18/03/2014,143.15,926631.0,142.7,144.8,142.55
14/03/2014,142.7,1237254.0,142.0,143.4,141.0
13/03/2014,142.55,1240884.0,146.0,146.9,141.9
12/03/2014,145.65,2109508.0,146.05,147.5,145.15
11/03/2014,145.15,2110986.0,143.8,146.0,143.0
10/03/2014,143.8,2127241.0,143.9,145.1,142.25
07/03/2014,143.3,2910251.0,143.5,144.35,141.3
06/03/2014,142.55,3010530.0,141.5,143.0,140.15
05/03/2014,140.9,2317544.0,141.45,142.25,139.45
04/03/2014,140.4,2995506.0,136.8,141.15,135.9
03/03/2014,135.95,2979960.0,139.95,141.0,135.25
28/02/2014,139.7,1852558.0,140.15,142.15,139.15
26/02/2014,139.8,1868445.0,141.7,141.9,139.1
25/02/2014,141.2,1034913.0,143.2,143.55,141.0
24/02/2014,142.7,613301.0,142.75,143.0,141.8
21/02/2014,142.0,1204144.0,141.25,143.0,141.2
20/02/2014,141.1,784045.0,139.35,141.95,139.15
19/02/2014,140.35,882447.0,140.35,141.75,139.6
18/02/2014,140.2,1294179.0,139.1,140.95,138.35
17/02/2014,138.9,1078151.0,140.55,141.35,137.7
14/02/2014,140.55,1060283.0,141.55,142.4,139.1
13/02/2014,141.75,1390278.0,144.0,144.85,141.15
12/02/2014,144.05,1486914.0,145.3,145.9,143.5
11/02/2014,144.85,1465761.0,144.2,145.85,143.05
10/02/2014,143.6,1411856.0,144.35,144.5,142.7
07/02/2014,143.35,2053488.0,142.45,144.5,141.8
06/02/2014,141.15,2905219.0,144.3,144.3,140.15
05/02/2014,143.05,1418289.0,143.15,144.85,142.55
04/02/2014,143.15,2866989.0,141.2,143.7,138.5
03/02/2014,140.7,2140205.0,140.85,142.95,140.0
31/01/2014,141.0,2555790.0,141.35,143.0,139.65
30/01/2014,140.45,4943283.0,141.8,144.75,139.7
29/01/2014,142.15,2441955.0,140.0,144.4,139.6
28/01/2014,138.95,2281455.0,140.9,143.0,138.4
27/01/2014,141.35,1798083.0,143.0,144.9,140.3
24/01/2014,144.25,2015494.0,147.25,147.85,143.65
23/01/2014,148.2,1191923.0,149.05,150.35,147.5
22/01/2014,149.85,4586839.0,148.35,152.2,148.1
21/01/2014,147.85,1992324.0,148.5,150.1,147.55
20/01/2014,148.3,2549468.0,146.25,149.3,146.25
17/01/2014,146.2,1884689.0,149.5,150.25,145.8
16/01/2014,149.05,2142240.0,152.25,152.9,148.5
15/01/2014,152.05,1117786.0,152.85,152.85,150.4
14/01/2014,152.05,2175698.0,153.05,154.5,150.3
13/01/2014,152.9,2340369.0,156.1,156.8,151.9
10/01/2014,155.95,2520546.0,158.05,159.95,154.75
09/01/2014,157.25,1740722.0,157.4,158.5,156.15
08/01/2014,157.1,2122772.0,157.1,159.3,156.0
07/01/2014,156.5,1244854.0,157.0,158.2,155.2
06/01/2014,156.8,1538685.0,156.95,158.6,155.1
03/01/2014,156.35,1816178.0,154.45,157.0,153.65
02/01/2014,154.95,2116255.0,160.5,161.75,153.75
01/01/2014,160.5,1958707.0,160.85,162.65,159.9
31/12/2013,160.45,2258565.0,159.5,161.5,158.15
30/12/2013,159.8,3188036.0,158.55,160.9,155.25
27/12/2013,158.05,3624182.0,160.8,162.85,156.35
26/12/2013,161.05,10232143.0,159.0,166.1,158.0
24/12/2013,157.25,2997231.0,155.4,157.65,153.65
23/12/2013,154.7,3101414.0,154.5,156.5,153.35
20/12/2013,153.1,5456617.0,147.2,153.85,146.6
19/12/2013,147.5,1833784.0,148.55,149.4,145.9
18/12/2013,148.2,1672571.0,145.3,148.75,145.25
17/12/2013,144.75,1678569.0,144.1,147.1,144.1
16/12/2013,143.45,1279705.0,145.25,145.5,142.2
13/12/2013,145.15,1102791.0,146.0,147.5,145.0
12/12/2013,146.75,1185509.0,146.8,148.45,146.2
11/12/2013,147.0,1285575.0,147.95,147.95,146.25
10/12/2013,147.45,1821331.0,146.75,149.0,146.7
09/12/2013,146.7,2508890.0,149.1,149.1,145.3
06/12/2013,146.2,1385102.0,146.8,147.75,145.8
05/12/2013,146.65,1565641.0,147.6,148.7,146.05
04/12/2013,145.55,1547460.0,146.5,148.4,145.1
03/12/2013,146.8,2227417.0,149.0,149.3,146.25
02/12/2013,149.3,2063513.0,149.2,150.9,149.0
29/11/2013,148.9,2020588.0,148.0,150.1,147.55
28/11/2013,147.65,3615167.0,145.0,148.35,145.0
27/11/2013,145.05,1855005.0,146.3,147.6,144.0
26/11/2013,145.5,2505101.0,142.0,146.8,141.6
25/11/2013,142.4,2305892.0,142.55,143.75,140.8
22/11/2013,141.8,2315264.0,144.35,145.2,141.1
21/11/2013,143.65,2997918.0,145.1,146.8,143.1
20/11/2013,145.35,2756146.0,146.25,147.8,144.75
19/11/2013,144.55,3835593.0,149.0,149.2,144.05
18/11/2013,147.7,5738832.0,142.5,148.35,142.5
14/11/2013,143.95,4246087.0,146.05,146.9,142.8
13/11/2013,144.3,11917625.0,155.0,155.0,141.1
12/11/2013,154.55,1842456.0,157.1,159.65,153.1
11/11/2013,156.55,1954941.0,160.4,161.25,155.1
08/11/2013,160.1,1175152.0,160.2,163.0,157.8
07/11/2013,160.35,2358582.0,164.4,167.9,159.05
06/11/2013,163.55,2080746.0,167.7,168.95,163.1
05/11/2013,167.6,1762917.0,168.5,169.8,165.9
03/11/2013,169.5,512878.0,168.0,170.0,167.25
01/11/2013,167.7,3726470.0,164.0,169.9,161.55
31/10/2013,164.0,3033400.0,165.0,167.1,163.1
30/10/2013,165.0,1918758.0,163.0,166.0,162.65
29/10/2013,162.4,2067392.0,163.3,164.2,160.25
28/10/2013,163.25,1058274.0,164.0,166.25,162.3
25/10/2013,163.85,4412267.0,166.2,168.4,163.05
24/10/2013,165.45,4943284.0,159.0,166.4,158.0
23/10/2013,158.75,1228667.0,162.1,162.6,157.0
22/10/2013,161.85,1598301.0,160.4,162.8,159.9
21/10/2013,159.6,3257249.0,164.5,165.35,159.0
18/10/2013,164.2,2540836.0,163.2,165.0,162.25
17/10/2013,162.0,2724697.0,159.1,162.9,158.25
15/10/2013,158.05,1145582.0,160.0,160.2,155.35
14/10/2013,159.45,1281419.0,160.85,161.45,157.7
11/10/2013,160.05,1880046.0,161.15,163.45,159.0
10/10/2013,160.15,3124853.0,156.0,160.8,155.85
09/10/2013,155.55,2049580.0,155.7,158.2,154.15
08/10/2013,155.8,1720413.0,157.0,157.8,155.2