Date,Last/Close,Open,High,Low,Volume
01/4/2005,1000.0,,,,
04/4/2005,1007.5,,,,
05/4/2005,998.77,,,,
06/4/2005,1017.08,,,,
07/4/2005,1018.96,,,,
08/4/2005,1011.39,,,,
11/4/2005,1003.75,,,,
12/4/2005,1011.74,,,,
13/4/2005,1009.74,,,,
15/4/2005,984.13,,,,
18/4/2005,979.05,,,,
19/4/2005,973.67,,,,
20/4/2005,980.67,,,,
21/4/2005,997.1,,,,
22/4/2005,1011.45,,,,
25/4/2005,1017.63,,,,
26/4/2005,1020.8,,,,
27/4/2005,1014.41,,,,
28/4/2005,1014.33,,,,
29/4/2005,994.01,,,,
02/5/2005,985.82,,,,
03/5/2005,991.87,,,,
04/5/2005,1010.35,,,,
05/5/2005,1023.33,,,,
06/5/2005,1029.39,,,,
09/5/2005,1044.64,,,,
10/5/2005,1049.7,,,,
11/5/2005,1054.01,,,,
12/5/2005,1074.0,,,,
13/5/2005,1089.11,,,,
16/5/2005,1104.24,,,,
17/5/2005,1091.12,,,,
18/5/2005,1093.87,,,,
19/5/2005,1108.16,,,,
20/5/2005,1111.15,,,,
23/5/2005,1119.48,,,,
24/5/2005,1117.5,,,,
25/5/2005,1123.98,,,,
26/5/2005,1119.84,,,,
27/5/2005,1109.82,,,,
30/5/2005,1098.3,,,,
31/5/2005,1108.69,,,,
01/6/2005,1118.06,,,,
02/6/2005,1110.03,,,,
03/6/2005,1124.28,,,,
04/6/2005,1136.34,,,,
06/6/2005,1141.5,,,,
07/6/2005,1147.21,,,,
08/6/2005,1150.16,,,,
09/6/2005,1153.46,,,,
10/6/2005,1147.9,,,,
13/6/2005,1151.01,,,,
14/6/2005,1154.87,,,,
15/6/2005,1162.31,,,,
16/6/2005,1137.27,,,,
17/6/2005,1116.66,,,,
20/6/2005,1103.99,,,,
21/6/2005,1111.54,,,,
22/6/2005,1112.59,,,,
23/6/2005,1117.72,,,,
24/6/2005,1129.66,,,,
27/6/2005,1125.03,,,,
28/6/2005,1103.09,,,,
29/6/2005,1114.13,,,,
30/6/2005,1122.95,,,,
01/7/2005,1139.85,,,,
04/7/2005,1156.58,,,,
05/7/2005,1149.27,,,,
06/7/2005,1170.55,,,,
07/7/2005,1156.74,,,,
08/7/2005,1178.69,,,,
11/7/2005,1198.27,,,,
12/7/2005,1203.08,,,,
13/7/2005,1215.39,,,,
14/7/2005,1218.22,,,,
15/7/2005,1236.13,,,,
18/7/2005,1258.74,,,,
19/7/2005,1263.13,,,,
20/7/2005,1269.26,,,,
21/7/2005,1264.55,,,,
22/7/2005,1279.86,,,,
25/7/2005,1282.23,,,,
26/7/2005,1273.58,,,,
27/7/2005,1267.94,,,,
29/7/2005,1255.36,,,,
01/8/2005,1256.78,,,,
02/8/2005,1283.93,,,,
03/8/2005,1282.15,,,,
04/8/2005,1299.13,,,,
05/8/2005,1315.96,,,,
08/8/2005,1305.87,,,,
09/8/2005,1310.1,,,,
10/8/2005,1342.85,,,,
11/8/2005,1359.07,,,,
12/8/2005,1368.47,,,,
16/8/2005,1393.14,,,,
17/8/2005,1415.41,,,,
18/8/2005,1408.75,,,,
19/8/2005,1424.18,,,,
22/8/2005,1427.8,,,,
23/8/2005,1386.45,,,,
24/8/2005,1374.47,,,,
25/8/2005,1400.99,,,,
26/8/2005,1413.09,,,,
29/8/2005,1425.59,,,,
30/8/2005,1442.24,,,,
31/8/2005,1465.98,,,,
01/9/2005,1480.81,,,,
02/9/2005,1482.0,,,,
05/9/2005,1490.09,,,,
06/9/2005,1488.51,,,,
08/9/2005,1501.89,,,,
09/9/2005,1492.39,,,,
12/9/2005,1512.62,,,,
13/9/2005,1523.83,,,,
14/9/2005,1515.95,,,,
15/9/2005,1539.51,,,,
16/9/2005,1552.82,,,,
19/9/2005,1562.67,,,,
20/9/2005,1555.2,,,,
21/9/2005,1509.52,,,,
22/9/2005,1404.54,,,,
23/9/2005,1417.41,,,,
26/9/2005,1479.75,,,,
27/9/2005,1494.05,,,,
28/9/2005,1499.91,,,,
29/9/2005,1481.86,,,,
30/9/2005,1463.97,,,,
03/10/2005,1490.22,,,,
04/10/2005,1510.91,,,,
05/10/2005,1502.86,,,,
06/10/2005,1482.84,,,,
07/10/2005,1480.06,,,,
10/10/2005,1468.77,,,,
11/10/2005,1455.4,,,,
13/10/2005,1443.85,,,,
14/10/2005,1406.78,,,,
17/10/2005,1387.35,,,,
18/10/2005,1385.72,,,,
19/10/2005,1332.86,,,,
20/10/2005,1305.27,,,,
21/10/2005,1318.86,,,,
24/10/2005,1320.45,,,,
25/10/2005,1322.38,,,,
26/10/2005,1323.12,,,,
27/10/2005,1305.18,,,,
28/10/2005,1276.82,,,,
31/10/2005,1299.93,,,,
01/11/2005,1325.56,,,,
02/11/2005,1328.75,,,,
07/11/2005,1357.36,,,,
08/11/2005,1374.9,,,,
09/11/2005,1373.19,,,,
10/11/2005,1381.6,,,,
11/11/2005,1406.35,,,,
14/11/2005,1410.18,,,,
16/11/2005,1422.47,,,,
17/11/2005,1427.25,,,,
18/11/2005,1430.02,,,,
21/11/2005,1417.21,,,,
22/11/2005,1408.83,,,,
23/11/2005,1422.98,,,,
24/11/2005,1434.55,,,,
25/11/2005,1445.87,,,,
26/11/2005,1455.36,,,,
28/11/2005,1467.78,,,,
29/11/2005,1461.58,,,,
30/11/2005,1455.22,,,,
01/12/2005,1467.6,,,,
02/12/2005,1475.26,,,,
05/12/2005,1476.33,,,,
06/12/2005,1484.82,,,,
07/12/2005,1494.93,,,,
08/12/2005,1507.95,,,,
09/12/2005,1526.84,,,,
12/12/2005,1527.77,,,,
13/12/2005,1526.31,,,,
14/12/2005,1520.81,,,,
15/12/2005,1509.03,,,,
16/12/2005,1515.81,,,,
19/12/2005,1522.49,,,,
20/12/2005,1515.55,,,,
21/12/2005,1517.79,,,,
22/12/2005,1519.95,,,,
23/12/2005,1507.92,,,,
26/12/2005,1475.61,,,,
27/12/2005,1502.37,,,,
28/12/2005,1506.44,,,,
29/12/2005,1523.57,,,,
30/12/2005,1537.75,,,,
02/1/2006,1562.08,,,,
03/1/2006,1591.64,,,,
04/1/2006,1598.88,,,,
05/1/2006,1596.55,,,,
06/1/2006,1608.64,,,,
09/1/2006,1616.55,,,,
10/1/2006,1604.62,,,,
12/1/2006,1612.44,,,,
13/1/2006,1622.82,,,,
16/1/2006,1609.89,,,,
17/1/2006,1596.01,,,,
18/1/2006,1580.45,,,,
19/1/2006,1621.1,,,,
20/1/2006,1632.18,,,,
23/1/2006,1636.14,,,,
24/1/2006,1648.41,,,,
25/1/2006,1637.26,,,,
27/1/2006,1640.49,,,,
30/1/2006,1616.42,,,,
31/1/2006,1615.59,,,,
01/2/2006,1590.76,,,,
02/2/2006,1590.05,,,,
03/2/2006,1586.72,,,,
06/2/2006,1598.26,,,,
07/2/2006,1597.37,,,,
08/2/2006,1599.73,,,,
10/2/2006,1613.72,,,,
13/2/2006,1631.92,,,,
14/2/2006,1622.48,,,,
15/2/2006,1625.36,,,,
16/2/2006,1630.26,,,,
17/2/2006,1606.84,,,,
20/2/2006,1594.14,,,,
21/2/2006,1608.94,,,,
22/2/2006,1603.29,,,,
23/2/2006,1595.31,,,,
24/2/2006,1594.1,,,,
27/2/2006,1602.98,,,,
28/2/2006,1601.12,,,,
01/3/2006,1627.29,,,,
02/3/2006,1633.28,,,,
03/3/2006,1641.85,,,,
06/3/2006,1664.44,,,,
07/3/2006,1675.76,,,,
08/3/2006,1657.45,,,,
09/3/2006,1663.42,,,,
10/3/2006,1684.11,,,,
13/3/2006,1691.7,,,,
14/3/2006,1684.62,,,,
16/3/2006,1686.52,,,,
17/3/2006,1675.71,,,,
20/3/2006,1688.47,,,,
21/3/2006,1685.02,,,,
22/3/2006,1670.55,,,,
23/3/2006,1672.96,,,,
24/3/2006,1683.17,,,,
27/3/2006,1702.97,,,,
28/3/2006,1693.23,,,,
29/3/2006,1715.01,,,,
30/3/2006,1737.06,,,,
31/3/2006,1762.19,,,,
03/4/2006,1816.8,,,,
04/4/2006,1831.52,,,,
05/4/2006,1858.82,,,,
07/4/2006,1836.5,,,,
10/4/2006,1856.42,,,,
12/4/2006,1832.52,,,,
13/4/2006,1793.66,,,,
17/4/2006,1830.02,,,,
18/4/2006,1851.27,,,,
19/4/2006,1860.5,,,,
20/4/2006,1873.86,,,,
21/4/2006,1876.9,,,,
24/4/2006,1898.9,,,,
25/4/2006,1886.31,,,,
26/4/2006,1922.74,,,,
27/4/2006,1940.18,,,,
28/4/2006,1924.87,,,,
29/4/2006,1977.06,,,,
02/5/2006,2000.5,,,,
03/5/2006,2011.66,,,,
04/5/2006,2018.41,,,,
05/5/2006,2026.73,,,,
08/5/2006,2051.28,,,,
09/5/2006,2065.0,,,,
10/5/2006,2095.39,,,,
11/5/2006,2086.41,,,,
12/5/2006,2082.26,,,,
15/5/2006,2027.5,,,,
16/5/2006,1997.44,,,,
17/5/2006,2072.68,,,,
18/5/2006,1928.74,,,,
19/5/2006,1854.23,,,,
22/5/2006,1724.78,,,,
23/5/2006,1793.0,,,,
24/5/2006,1804.28,,,,
25/5/2006,1801.04,,,,
26/5/2006,1844.9,,,,
29/5/2006,1864.29,,,,
30/5/2006,1870.18,,,,
31/5/2006,1814.58,,,,
01/6/2006,1770.62,,,,
02/6/2006,1739.68,,,,
05/6/2006,1707.3,,,,
06/6/2006,1644.41,,,,
07/6/2006,1531.15,,,,
08/6/2006,1401.88,,,,
09/6/2006,1469.01,,,,
12/6/2006,1437.67,,,,
13/6/2006,1353.47,,,,
14/6/2006,1305.26,,,,
15/6/2006,1356.2,,,,
16/6/2006,1415.74,,,,
19/6/2006,1453.68,,,,
20/6/2006,1476.47,,,,
21/6/2006,1525.05,,,,
22/6/2006,1569.23,,,,
23/6/2006,1582.28,,,,
25/6/2006,1603.95,,,,
26/6/2006,1548.77,,,,
27/6/2006,1525.61,,,,
28/6/2006,1512.59,,,,
29/6/2006,1518.22,,,,
30/6/2006,1564.95,,,,
03/7/2006,1569.86,,,,
04/7/2006,1563.48,,,,
05/7/2006,1572.6,,,,
06/7/2006,1565.45,,,,
07/7/2006,1542.03,,,,
10/7/2006,1542.79,,,,
11/7/2006,1547.66,,,,
12/7/2006,1558.52,,,,
13/7/2006,1561.4,,,,
14/7/2006,1554.62,,,,
17/7/2006,1521.73,,,,
18/7/2006,1495.02,,,,
19/7/2006,1444.17,,,,
20/7/2006,1465.26,,,,
21/7/2006,1428.93,,,,
24/7/2006,1415.97,,,,
25/7/2006,1444.85,,,,
26/7/2006,1474.66,,,,
27/7/2006,1518.29,,,,
28/7/2006,1532.19,,,,
31/7/2006,1545.83,,,,
01/8/2006,1536.88,,,,
02/8/2006,1553.67,,,,
03/8/2006,1570.31,,,,
04/8/2006,1563.1,,,,
07/8/2006,1563.67,,,,
08/8/2006,1581.41,,,,
09/8/2006,1604.58,,,,
10/8/2006,1628.86,,,,
11/8/2006,1665.7,,,,
14/8/2006,1702.85,,,,
16/8/2006,1730.82,,,,
17/8/2006,1709.84,,,,
18/8/2006,1723.66,,,,
21/8/2006,1736.94,,,,
22/8/2006,1739.13,,,,
23/8/2006,1720.9,,,,
24/8/2006,1721.73,,,,
25/8/2006,1737.68,,,,
28/8/2006,1743.41,,,,
29/8/2006,1745.99,,,,
30/8/2006,1735.81,,,,
31/8/2006,1715.44,,,,
01/9/2006,1724.77,,,,
04/9/2006,1744.84,,,,
05/9/2006,1752.73,,,,
06/9/2006,1773.6,,,,
07/9/2006,1770.83,,,,
08/9/2006,1784.43,,,,
11/9/2006,1735.02,,,,
12/9/2006,1743.07,,,,
13/9/2006,1774.82,,,,
14/9/2006,1780.85,,,,
15/9/2006,1784.52,,,,
18/9/2006,1796.16,,,,
19/9/2006,1779.6,,,,
20/9/2006,1779.28,,,,
21/9/2006,1793.81,,,,
22/9/2006,1785.19,,,,
25/9/2006,1785.32,,,,
26/9/2006,1790.27,,,,
27/9/2006,1795.83,,,,
28/9/2006,1803.9,,,,
29/9/2006,1820.15,,,,
03/10/2006,1830.67,,,,
04/10/2006,1819.31,,,,
05/10/2006,1848.52,,,,
06/10/2006,1862.42,,,,
09/10/2006,1882.19,,,,
10/10/2006,1886.96,,,,
11/10/2006,1867.39,,,,
12/10/2006,1879.35,,,,
13/10/2006,1889.59,,,,
16/10/2006,1887.17,,,,
17/10/2006,1876.81,,,,
18/10/2006,1886.92,,,,
19/10/2006,1885.57,,,,
20/10/2006,1894.78,,,,
21/10/2006,1919.13,,,,
23/10/2006,1906.56,,,,
26/10/2006,1914.67,,,,
27/10/2006,1920.12,,,,
30/10/2006,1916.38,,,,
31/10/2006,1900.48,,,,
01/11/2006,1915.98,,,,
02/11/2006,1920.33,,,,
03/11/2006,1924.53,,,,
06/11/2006,1940.89,,,,
07/11/2006,1941.7,,,,
08/11/2006,1917.25,,,,
09/11/2006,1935.05,,,,
10/11/2006,1948.66,,,,
13/11/2006,1961.03,,,,
14/11/2006,1943.2,,,,
15/11/2006,1942.3,,,,
16/11/2006,1935.51,,,,
17/11/2006,1903.67,,,,
20/11/2006,1885.52,,,,
21/11/2006,1914.64,,,,
22/11/2006,1924.94,,,,
23/11/2006,1926.09,,,,
24/11/2006,1935.62,,,,
27/11/2006,1942.98,,,,
28/11/2006,1927.43,,,,
29/11/2006,1951.23,,,,
30/11/2006,1953.6,,,,
01/12/2006,1974.26,,,,
04/12/2006,1986.23,,,,
05/12/2006,1989.69,,,,
06/12/2006,1967.97,,,,
07/12/2006,1969.28,,,,
08/12/2006,1956.95,,,,
11/12/2006,1910.85,,,,
12/12/2006,1842.29,,,,
13/12/2006,1870.29,,,,
14/12/2006,1923.61,,,,
15/12/2006,1940.53,,,,
18/12/2006,1941.47,,,,
19/12/2006,1926.41,,,,
20/12/2006,1927.81,,,,
21/12/2006,1937.98,,,,
22/12/2006,1961.21,,,,
26/12/2006,1978.24,,,,
27/12/2006,1990.93,,,,
28/12/2006,1999.5,,,,
29/12/2006,2014.87,,,,
02/1/2007,2044.77,,,,
03/1/2007,2069.87,,,,
04/1/2007,2084.31,,,,
05/1/2007,2095.68,,,,
08/1/2007,2102.84,,,,
09/1/2007,2091.24,,,,
10/1/2007,2073.49,,,,
11/1/2007,2105.32,,,,
12/1/2007,2130.7,,,,
15/1/2007,2161.9,,,,
16/1/2007,2171.27,,,,
17/1/2007,2189.64,,,,
18/1/2007,2194.94,,,,
19/1/2007,2185.35,,,,
22/1/2007,2193.04,,,,
23/1/2007,2168.08,,,,
24/1/2007,2174.2,,,,
25/1/2007,2184.63,,,,
29/1/2007,2183.87,,,,
31/1/2007,2162.23,,,,
01/2/2007,2169.45,,,,
02/2/2007,2180.93,,,,
05/2/2007,2209.07,,,,
06/2/2007,2213.84,,,,
07/2/2007,2222.8,,,,
08/2/2007,2215.72,,,,
09/2/2007,2177.9,,,,
12/2/2007,2086.13,,,,
13/2/2007,2082.42,,,,
14/2/2007,2089.81,,,,
15/2/2007,2148.05,,,,
19/2/2007,2153.8,,,,
20/2/2007,2130.67,,,,
21/2/2007,2132.8,,,,
22/2/2007,2115.45,,,,
23/2/2007,2052.6,,,,
26/2/2007,2059.43,,,,
27/2/2007,2065.25,,,,
28/2/2007,2003.29,,,,
01/3/2007,2007.2,,,,
02/3/2007,1989.19,,,,
05/3/2007,1885.22,,,,
06/3/2007,1888.89,,,,
07/3/2007,1847.38,,,,
08/3/2007,1889.97,,,,
09/3/2007,1889.14,,,,
12/3/2007,1905.38,,,,
13/3/2007,1936.86,,,,
14/3/2007,1899.13,,,,
15/3/2007,1911.37,,,,
16/3/2007,1890.53,,,,
19/3/2007,1905.8,,,,
20/3/2007,1915.31,,,,
21/3/2007,1922.53,,,,
22/3/2007,1938.98,,,,
23/3/2007,1939.45,,,,
26/3/2007,1934.18,,,,
28/3/2007,1907.37,,,,
29/3/2007,1916.72,,,,
30/3/2007,1938.26,,,,
02/4/2007,1883.07,,,,
03/4/2007,1890.91,,,,
04/4/2007,1909.34,,,,
05/4/2007,1928.13,,,,
09/4/2007,1966.79,,,,
10/4/2007,1996.22,,,,
11/4/2007,2015.71,,,,
12/4/2007,2014.36,,,,
13/4/2007,2040.64,,,,
16/4/2007,2073.65,,,,
17/4/2007,2058.11,,,,
18/4/2007,2071.25,,,,
19/4/2007,2069.48,,,,
20/4/2007,2089.68,,,,
23/4/2007,2087.53,,,,
24/4/2007,2093.39,,,,
25/4/2007,2113.1,,,,
26/4/2007,2100.34,,,,
27/4/2007,2073.62,,,,
30/4/2007,2093.89,,,,
03/5/2007,2110.57,,,,
04/5/2007,2104.28,,,,
07/5/2007,2102.62,,,,
08/5/2007,2085.84,,,,
09/5/2007,2086.61,,,,
10/5/2007,2089.82,,,,
11/5/2007,2104.4,,,,
14/5/2007,2136.76,,,,
15/5/2007,2147.1,,,,
16/5/2007,2172.03,,,,
17/5/2007,2184.91,,,,
18/5/2007,2186.88,,,,
21/5/2007,2203.7,,,,
22/5/2007,2199.89,,,,
23/5/2007,2188.27,,,,
24/5/2007,2184.35,,,,
25/5/2007,2197.34,,,,
28/5/2007,2221.5,,,,
29/5/2007,2244.48,,,,
30/5/2007,2223.5,,,,
31/5/2007,2241.71,,,,
01/6/2007,2260.23,,,,
04/6/2007,2251.68,,,,
05/6/2007,2257.97,,,,
06/6/2007,2232.97,,,,
07/6/2007,2237.02,,,,
08/6/2007,2224.43,,,,
11/6/2007,2215.55,,,,
12/6/2007,2197.52,,,,
13/6/2007,2194.43,,,,
14/6/2007,2224.24,,,,
15/6/2007,2236.86,,,,
18/6/2007,2228.17,,,,
19/6/2007,2246.95,,,,
20/6/2007,2272.28,,,,
21/6/2007,2285.97,,,,
22/6/2007,2291.41,,,,
25/6/2007,2295.97,,,,
26/6/2007,2315.31,,,,
27/6/2007,2320.06,,,,
28/6/2007,2327.71,,,,
29/6/2007,2346.62,,,,
02/7/2007,2367.38,,,,
03/7/2007,2387.66,,,,
04/7/2007,2381.49,,,,
05/7/2007,2359.11,,,,
06/7/2007,2373.66,,,,
09/7/2007,2397.18,,,,
10/7/2007,2400.3,,,,
11/7/2007,2416.28,,,,
12/7/2007,2442.26,,,,
13/7/2007,2440.62,,,,
16/7/2007,2457.42,,,,
17/7/2007,2433.43,,,,
18/7/2007,2422.92,,,,
19/7/2007,2444.64,,,,
20/7/2007,2442.88,,,,
23/7/2007,2441.87,,,,
24/7/2007,2421.22,,,,
25/7/2007,2406.46,,,,
26/7/2007,2426.71,,,,
27/7/2007,2365.42,,,,
30/7/2007,2365.63,,,,
31/7/2007,2404.8,,,,
01/8/2007,2315.8,,,,
02/8/2007,2331.29,,,,
03/8/2007,2363.29,,,,
06/8/2007,2341.71,,,,
07/8/2007,2360.25,,,,
08/8/2007,2393.31,,,,
09/8/2007,2358.02,,,,
10/8/2007,2345.15,,,,
13/8/2007,2371.36,,,,
14/8/2007,2374.14,,,,
16/8/2007,2303.94,,,,
17/8/2007,2275.09,,,,
20/8/2007,2311.81,,,,
21/8/2007,2234.99,,,,
22/8/2007,2239.19,,,,
23/8/2007,2212.93,,,,
24/8/2007,2246.9,,,,
27/8/2007,2299.52,,,,
28/8/2007,2316.73,,,,
29/8/2007,2333.73,,,,
30/8/2007,2348.2,,,,
31/8/2007,2399.88,,,,
03/9/2007,2446.34,,,,
04/9/2007,2466.57,,,,
05/9/2007,2469.83,,,,
06/9/2007,2495.3,,,,
07/9/2007,2496.52,,,,
10/9/2007,2514.98,,,,
11/9/2007,2511.96,,,,
12/9/2007,2525.35,,,,
13/9/2007,2549.34,,,,
14/9/2007,2542.82,,,,
17/9/2007,2554.99,,,,
18/9/2007,2583.7,,,,
19/9/2007,2625.84,,,,
20/9/2007,2627.54,,,,
21/9/2007,2637.96,,,,
24/9/2007,2657.0,,,,
25/9/2007,2661.35,,,,
26/9/2007,2692.1,,,,
27/9/2007,2699.99,,,,
28/9/2007,2727.98,,,,
01/10/2007,2762.19,,,,
03/10/2007,2762.74,,,,
04/10/2007,2786.37,,,,
05/10/2007,2764.83,,,,
08/10/2007,2663.42,,,,
09/10/2007,2732.51,,,,
10/10/2007,2768.1,,,,
11/10/2007,2798.84,,,,
12/10/2007,2791.22,,,,
15/10/2007,2871.74,,,,
16/10/2007,2881.13,,,,
17/10/2007,2830.79,,,,
18/10/2007,2776.6,,,,
19/10/2007,2718.05,,,,
22/10/2007,2728.36,,,,
23/10/2007,2811.69,,,,
24/10/2007,2839.73,,,,
25/10/2007,2886.15,,,,
26/10/2007,2945.4,,,,
29/10/2007,3005.43,,,,
30/10/2007,2984.13,,,,
31/10/2007,3027.42,,,,
01/11/2007,2990.03,,,,
02/11/2007,3012.71,,,,
05/11/2007,3034.32,,,,
06/11/2007,3026.35,,,,
07/11/2007,3001.64,,,,
08/11/2007,2991.79,,,,
09/11/2007,3036.16,,,,
12/11/2007,3025.87,,,,
13/11/2007,3075.96,,,,
14/11/2007,3141.2,,,,
15/11/2007,3205.35,,,,
16/11/2007,3246.47,,,,
19/11/2007,3324.53,,,,
20/11/2007,3307.64,,,,
21/11/2007,3161.2,,,,
22/11/2007,3110.78,,,,
23/11/2007,3149.03,,,,
26/11/2007,3221.15,,,,
27/11/2007,3219.85,,,,
28/11/2007,3252.78,,,,
29/11/2007,3243.58,,,,
30/11/2007,3301.78,,,,
03/12/2007,3384.66,,,,
04/12/2007,3432.61,,,,
05/12/2007,3515.16,,,,
06/12/2007,3516.54,,,,
07/12/2007,3519.34,,,,
10/12/2007,3547.26,,,,
11/12/2007,3566.31,,,,
12/12/2007,3623.13,,,,
13/12/2007,3633.48,,,,
14/12/2007,3676.7,,,,
17/12/2007,3559.29,,,,
18/12/2007,3579.54,,,,
19/12/2007,3593.61,,,,
20/12/2007,3578.06,,,,
24/12/2007,3635.59,,,,
26/12/2007,3724.56,,,,
27/12/2007,3754.25,,,,
28/12/2007,3820.85,,,,
31/12/2007,3927.98,,,,
01/1/2008,4004.14,,,,
02/1/2008,4039.14,,,,
03/1/2008,4030.16,,,,
04/1/2008,4038.1,,,,
07/1/2008,4034.63,,,,
08/1/2008,3918.78,,,,
09/1/2008,3892.79,,,,
10/1/2008,3761.74,,,,
11/1/2008,3741.75,,,,
14/1/2008,3778.0,,,,
15/1/2008,3741.76,,,,
16/1/2008,3658.13,,,,
17/1/2008,3712.0,,,,
18/1/2008,3539.01,,,,
21/1/2008,3123.92,,,,
22/1/2008,2847.74,,,,
23/1/2008,3055.85,,,,
24/1/2008,2954.72,,,,
25/1/2008,3124.71,,,,
28/1/2008,3110.09,,,,
29/1/2008,3136.28,,,,
30/1/2008,3062.36,,,,
31/1/2008,3030.27,,,,
01/2/2008,3033.19,,,,
04/2/2008,3109.6,,,,
05/2/2008,3143.72,,,,
06/2/2008,3115.73,,,,
07/2/2008,3050.08,,,,
08/2/2008,2986.75,,,,
11/2/2008,2820.81,,,,
12/2/2008,2754.96,,,,
13/2/2008,2747.22,,,,
14/2/2008,2884.38,,,,
15/2/2008,2939.55,,,,
18/2/2008,2977.86,,,,
19/2/2008,2994.61,,,,
20/2/2008,2956.45,,,,
21/2/2008,2985.07,,,,
22/2/2008,2959.63,,,,
25/2/2008,2945.25,,,,
26/2/2008,2993.94,,,,
27/2/2008,3003.06,,,,
28/2/2008,2996.87,,,,
29/2/2008,2987.76,,,,
03/3/2008,2854.26,,,,
04/3/2008,2779.23,,,,
05/3/2008,2752.13,,,,
07/3/2008,2630.77,,,,
10/3/2008,2602.88,,,,
11/3/2008,2687.93,,,,
12/3/2008,2669.68,,,,
13/3/2008,2522.22,,,,
14/3/2008,2545.24,,,,
17/3/2008,2388.36,,,,
18/3/2008,2360.62,,,,
19/3/2008,2326.21,,,,
24/3/2008,2240.04,,,,
25/3/2008,2369.15,,,,
26/3/2008,2420.41,,,,
27/3/2008,2436.09,,,,
28/3/2008,2546.04,,,,
31/3/2008,2520.87,,,,
01/4/2008,2504.84,,,,
02/4/2008,2502.24,,,,
03/4/2008,2485.72,,,,
04/4/2008,2444.56,,,,
07/4/2008,2468.87,,,,
08/4/2008,2478.78,,,,
09/4/2008,2520.0,,,,
10/4/2008,2531.08,,,,
11/4/2008,2545.07,,,,
15/4/2008,2571.53,,,,
16/4/2008,2613.81,,,,
17/4/2008,2664.95,,,,
21/4/2008,2729.78,,,,
22/4/2008,2741.89,,,,
23/4/2008,2751.66,,,,
24/4/2008,2727.77,,,,
25/4/2008,2735.2,,,,
28/4/2008,2740.75,,,,
29/4/2008,2772.43,,,,
30/4/2008,2780.28,,,,
02/5/2008,2803.26,,,,
05/5/2008,2813.88,,,,
06/5/2008,2779.02,,,,
07/5/2008,2775.02,,,,
08/5/2008,2755.46,,,,
09/5/2008,2696.21,,,,
12/5/2008,2672.2,,,,
13/5/2008,2676.22,,,,
14/5/2008,2691.02,,,,
15/5/2008,2735.15,,,,
16/5/2008,2759.01,,,,
20/5/2008,2758.96,,,,
21/5/2008,2781.89,,,,
22/5/2008,2743.78,,,,
23/5/2008,2702.28,,,,
26/5/2008,2645.75,,,,
27/5/2008,2618.06,,,,
28/5/2008,2639.37,,,,
29/5/2008,2627.1,,,,
30/5/2008,2628.58,,,,
02/6/2008,2561.08,,,,
03/6/2008,2532.83,,,,
04/6/2008,2475.06,,,,
05/6/2008,2478.82,,,,
06/6/2008,2465.51,,,,
09/6/2008,2391.01,,,,
10/6/2008,2375.05,,,,
11/6/2008,2414.68,,,,
12/6/2008,2433.31,,,,
13/6/2008,2444.36,,,,
16/6/2008,2473.75,,,,
17/6/2008,2514.92,,,,
18/6/2008,2506.37,,,,
19/6/2008,2467.53,,,,
20/6/2008,2397.91,,,,
23/6/2008,2319.27,,,,
24/6/2008,2290.24,,,,
25/6/2008,2309.35,,,,
26/6/2008,2317.95,,,,
27/6/2008,2258.88,,,,
30/6/2008,2193.35,,,,
01/7/2008,2095.19,,,,
02/7/2008,2140.86,,,,
03/7/2008,2089.98,,,,
04/7/2008,2130.17,,,,
07/7/2008,2162.6,,,,
08/7/2008,2147.83,,,,
09/7/2008,2203.95,,,,
10/7/2008,2210.34,,,,
11/7/2008,2177.37,,,,
14/7/2008,2158.97,,,,
15/7/2008,2101.3,,,,
16/7/2008,2079.68,,,,
17/7/2008,2100.99,,,,
18/7/2008,2120.11,,,,
21/7/2008,2115.56,,,,
22/7/2008,2149.71,,,,
23/7/2008,2237.55,,,,
24/7/2008,2231.37,,,,
25/7/2008,2223.06,,,,
28/7/2008,2253.15,,,,
29/7/2008,2217.39,,,,
30/7/2008,2242.76,,,,
31/7/2008,2245.11,,,,
01/8/2008,2263.04,,,,
04/8/2008,2295.49,,,,
05/8/2008,2318.44,,,,
06/8/2008,2318.56,,,,
07/8/2008,2332.95,,,,
08/8/2008,2344.07,,,,
11/8/2008,2373.42,,,,
12/8/2008,2361.64,,,,
13/8/2008,2366.93,,,,
14/8/2008,2332.86,,,,
18/8/2008,2312.89,,,,
19/8/2008,2314.36,,,,
20/8/2008,2343.44,,,,
21/8/2008,2296.06,,,,
22/8/2008,2297.5,,,,
25/8/2008,2299.12,,,,
26/8/2008,2298.36,,,,
27/8/2008,2288.0,,,,
28/8/2008,2257.74,,,,
29/8/2008,2301.79,,,,
01/9/2008,2294.21,,,,
02/9/2008,2316.59,,,,
04/9/2008,2312.87,,,,
05/9/2008,2285.86,,,,
08/9/2008,2303.22,,,,
09/9/2008,2294.18,,,,
10/9/2008,2270.5,,,,
11/9/2008,2243.27,,,,
12/9/2008,2203.63,,,,
15/9/2008,2100.1,,,,
16/9/2008,2070.35,,,,
17/9/2008,2042.14,,,,
18/9/2008,2003.4,,,,
19/9/2008,2055.15,,,,
22/9/2008,2051.46,,,,
23/9/2008,2012.12,,,,
24/9/2008,2019.12,,,,
25/9/2008,1997.94,,,,
26/9/2008,1937.68,,,,
29/9/2008,1842.41,,,,
30/9/2008,1864.64,,,,
01/10/2008,1874.65,,,,
03/10/2008,1818.64,,,,
06/10/2008,1690.44,,,,
07/10/2008,1651.74,,,,
08/10/2008,1569.56,,,,
10/10/2008,1439.81,,,,
13/10/2008,1489.15,,,,
14/10/2008,1525.43,,,,
15/10/2008,1453.35,,,,
16/10/2008,1436.44,,,,
17/10/2008,1398.16,,,,
20/10/2008,1376.2,,,,
21/10/2008,1405.48,,,,
22/10/2008,1376.07,,,,
23/10/2008,1328.02,,,,
24/10/2008,1217.36,,,,
27/10/2008,1155.88,,,,
28/10/2008,1239.71,,,,
29/10/2008,1227.2,,,,
31/10/2008,1264.1,,,,
03/11/2008,1320.56,,,,
04/11/2008,1351.19,,,,
05/11/2008,1323.8,,,,
06/11/2008,1292.32,,,,
07/11/2008,1301.68,,,,
10/11/2008,1335.93,,,,
11/11/2008,1294.69,,,,
12/11/2008,1274.31,,,,
14/11/2008,1255.02,,,,
17/11/2008,1223.12,,,,
18/11/2008,1191.2,,,,
19/11/2008,1168.98,,,,
20/11/2008,1133.28,,,,
21/11/2008,1133.04,,,,
24/11/2008,1127.45,,,,
25/11/2008,1116.79,,,,
26/11/2008,1111.96,,,,
28/11/2008,1111.02,,,,
01/12/2008,1099.3,,,,
02/12/2008,1081.62,,,,
03/12/2008,1087.82,,,,
04/12/2008,1111.7,,,,
05/12/2008,1108.64,,,,
08/12/2008,1112.08,,,,
10/12/2008,1126.38,,,,
11/12/2008,1145.4,,,,
12/12/2008,1170.35,,,,
15/12/2008,1209.12,,,,
16/12/2008,1249.65,,,,
17/12/2008,1208.03,,,,
18/12/2008,1224.36,,,,
19/12/2008,1230.74,,,,
22/12/2008,1221.92,,,,
23/12/2008,1188.02,,,,
24/12/2008,1175.24,,,,
26/12/2008,1164.59,,,,
29/12/2008,1176.75,,,,
30/12/2008,1201.51,,,,
31/12/2008,1214.54,,,,
01/1/2009,1248.99,,,,
02/1/2009,1270.88,,,,
05/1/2009,1291.01,,,,
06/1/2009,1293.15,,,,
07/1/2009,1203.84,,,,
09/1/2009,1170.33,,,,
12/1/2009,1152.3,,,,
13/1/2009,1135.83,,,,
14/1/2009,1152.75,,,,
15/1/2009,1131.38,,,,
16/1/2009,1135.5,,,,
19/1/2009,1146.94,,,,
20/1/2009,1139.48,,,,
21/1/2009,1114.44,,,,
22/1/2009,1095.48,,,,
23/1/2009,1081.68,,,,
27/1/2009,1087.95,,,,
28/1/2009,1096.0,,,,
29/1/2009,1096.21,,,,
30/1/2009,1108.04,,,,
02/2/2009,1090.95,,,,
03/2/2009,1086.56,,,,
04/2/2009,1084.9,,,,
05/2/2009,1074.97,,,,
06/2/2009,1090.51,,,,
09/2/2009,1105.92,,,,
10/2/2009,1110.26,,,,
11/2/2009,1117.15,,,,
12/2/2009,1119.53,,,,
13/2/2009,1131.33,,,,
16/2/2009,1101.95,,,,
17/2/2009,1079.17,,,,
18/2/2009,1075.13,,,,
19/2/2009,1071.82,,,,
20/2/2009,1054.19,,,,
24/2/2009,1037.83,,,,
25/2/2009,1040.65,,,,
26/2/2009,1041.19,,,,
27/2/2009,1036.28,,,,
02/3/2009,1019.44,,,,
03/3/2009,1008.5,,,,
04/3/2009,1004.23,,,,
05/3/2009,987.53,,,,
06/3/2009,985.67,,,,
09/3/2009,970.03,,,,
12/3/2009,974.0,,,,
13/3/2009,993.04,,,,
16/3/2009,1016.02,,,,
17/3/2009,1019.35,,,,
18/3/2009,1038.63,,,,
19/3/2009,1051.22,,,,
20/3/2009,1049.01,,,,
23/3/2009,1074.84,,,,
24/3/2009,1067.7,,,,
25/3/2009,1074.4,,,,
26/3/2009,1084.37,,,,
27/3/2009,1106.35,,,,
30/3/2009,1097.61,,,,
31/3/2009,1116.81,,,,
01/4/2009,1145.62,,,,
02/4/2009,1176.83,,,,
06/4/2009,1211.69,,,,
08/4/2009,1258.0,,,,
09/4/2009,1277.57,,,,
13/4/2009,1318.97,,,,
15/4/2009,1384.03,,,,
16/4/2009,1319.0,,,,
17/4/2009,1328.01,,,,
20/4/2009,1350.9,,,,
21/4/2009,1358.57,,,,
22/4/2009,1334.24,,,,
23/4/2009,1343.1,,,,
24/4/2009,1365.07,,,,
27/4/2009,1353.77,,,,
28/4/2009,1309.08,,,,
29/4/2009,1326.09,,,,
04/5/2009,1367.82,,,,
05/5/2009,1395.55,,,,
06/5/2009,1393.92,,,,
07/5/2009,1431.18,,,,
08/5/2009,1427.63,,,,
11/5/2009,1404.02,,,,
12/5/2009,1419.88,,,,
13/5/2009,1414.69,,,,
14/5/2009,1418.78,,,,
15/5/2009,1428.24,,,,
18/5/2009,1549.69,,,,
19/5/2009,1595.49,,,,
20/5/2009,1738.39,,,,
21/5/2009,1779.73,,,,
22/5/2009,1836.6,,,,
25/5/2009,1917.14,,,,
26/5/2009,1851.08,,,,
27/5/2009,1918.92,,,,
28/5/2009,1913.64,,,,
29/5/2009,1968.77,,,,
01/6/2009,2031.89,,,,
02/6/2009,2060.64,,,,
03/6/2009,2099.98,,,,
04/6/2009,2138.47,,,,
05/6/2009,2119.3,,,,
08/6/2009,2003.12,,,,
09/6/2009,2040.34,,,,
10/6/2009,2049.36,,,,
11/6/2009,2037.67,,,,
12/6/2009,1990.83,,,,
15/6/2009,1948.82,,,,
16/6/2009,1984.26,,,,
17/6/2009,1906.24,,,,
18/6/2009,1836.24,,,,
19/6/2009,1857.24,,,,
22/6/2009,1847.65,,,,
23/6/2009,1848.09,,,,
24/6/2009,1888.92,,,,
25/6/2009,1888.02,,,,
26/6/2009,1923.02,,,,
29/6/2009,1951.86,,,,
30/6/2009,1902.39,,,,
01/7/2009,1907.29,,,,
02/7/2009,1919.27,,,,
03/7/2009,1928.49,,,,
06/7/2009,1848.42,,,,
07/7/2009,1839.29,,,,
08/7/2009,1775.23,,,,
09/7/2009,1774.11,,,,
10/7/2009,1744.01,,,,
13/7/2009,1693.06,,,,
14/7/2009,1760.79,,,,
15/7/2009,1839.16,,,,
16/7/2009,1850.84,,,,
17/7/2009,1892.6,,,,
20/7/2009,1941.72,,,,
21/7/2009,1939.77,,,,
22/7/2009,1924.45,,,,
23/7/2009,1974.28,,,,
24/7/2009,2007.92,,,,
27/7/2009,2033.19,,,,
28/7/2009,2063.1,,,,
29/7/2009,2036.0,,,,
30/7/2009,2052.97,,,,
31/7/2009,2060.84,,,,
03/8/2009,2085.26,,,,
04/8/2009,2088.32,,,,
05/8/2009,2104.4,,,,
06/8/2009,2072.1,,,,
07/8/2009,2029.43,,,,
10/8/2009,1998.33,,,,
11/8/2009,2012.43,,,,
12/8/2009,2019.91,,,,
13/8/2009,2098.23,,,,
14/8/2009,2098.85,,,,
17/8/2009,2034.6,,,,
18/8/2009,2071.49,,,,
19/8/2009,2062.7,,,,
20/8/2009,2080.1,,,,
21/8/2009,2110.01,,,,
24/8/2009,2167.06,,,,
25/8/2009,2187.9,,,,
26/8/2009,2230.86,,,,
27/8/2009,2241.31,,,,
28/8/2009,2263.48,,,,
31/8/2009,2276.27,,,,
01/9/2009,2242.54,,,,
02/9/2009,2235.52,,,,
03/9/2009,2241.17,,,,
04/9/2009,2264.18,,,,
07/9/2009,2321.56,,,,
08/9/2009,2319.91,,,,
09/9/2009,2321.82,,,,
10/9/2009,2309.29,,,,
11/9/2009,2297.79,,,,
14/9/2009,2298.22,,,,
15/9/2009,2332.16,,,,
16/9/2009,2350.87,,,,
17/9/2009,2348.22,,,,
18/9/2009,2361.01,,,,
22/9/2009,2379.13,,,,
23/9/2009,2343.4,,,,
24/9/2009,2351.33,,,,
25/9/2009,2375.54,,,,
29/9/2009,2386.44,,,,
30/9/2009,2411.07,,,,
01/10/2009,2401.07,,,,
05/10/2009,2354.43,,,,
06/10/2009,2341.09,,,,
07/10/2009,2353.89,,,,
08/10/2009,2361.77,,,,
09/10/2009,2345.3,,,,
12/10/2009,2369.73,,,,
14/10/2009,2413.97,,,,
15/10/2009,2430.96,,,,
16/10/2009,2446.08,,,,
17/10/2009,2467.67,,,,
20/10/2009,2468.04,,,,
21/10/2009,2462.82,,,,
22/10/2009,2414.38,,,,
23/10/2009,2424.65,,,,
26/10/2009,2387.67,,,,
27/10/2009,2292.73,,,,
28/10/2009,2283.4,,,,
29/10/2009,2255.13,,,,
30/10/2009,2245.04,,,,
03/11/2009,2147.23,,,,
04/11/2009,2194.3,,,,
05/11/2009,2230.72,,,,
06/11/2009,2282.56,,,,
09/11/2009,2323.24,,,,
10/11/2009,2318.37,,,,
11/11/2009,2361.55,,,,
12/11/2009,2351.07,,,,
13/11/2009,2361.11,,,,
16/11/2009,2385.51,,,,
17/11/2009,2387.2,,,,
18/11/2009,2400.27,,,,
19/11/2009,2365.48,,,,
20/11/2009,2385.15,,,,
23/11/2009,2399.31,,,,
24/11/2009,2405.62,,,,
25/11/2009,2406.72,,,,
26/11/2009,2383.56,,,,
27/11/2009,2331.06,,,,
30/11/2009,2379.16,,,,
01/12/2009,2428.26,,,,
02/12/2009,2449.49,,,,
03/12/2009,2467.3,,,,
04/12/2009,2475.65,,,,
07/12/2009,2462.15,,,,
08/12/2009,2489.83,,,,
09/12/2009,2492.08,,,,
10/12/2009,2511.13,,,,
11/12/2009,2493.45,,,,
14/12/2009,2485.64,,,,
15/12/2009,2449.71,,,,
16/12/2009,2459.26,,,,
17/12/2009,2482.07,,,,
18/12/2009,2477.63,,,,
21/12/2009,2472.54,,,,
22/12/2009,2490.16,,,,
23/12/2009,2523.58,,,,
24/12/2009,2535.44,,,,
29/12/2009,2558.55,,,,
30/12/2009,2587.9,,,,
31/12/2009,2598.13,,,,
04/1/2010,2637.08,,,,
05/1/2010,2660.06,,,,
06/1/2010,2677.49,,,,
07/1/2010,2691.84,,,,
08/1/2010,2700.49,,,,
11/1/2010,2740.95,,,,
12/1/2010,2713.97,,,,
13/1/2010,2732.39,,,,
14/1/2010,2764.66,,,,
15/1/2010,2781.07,,,,
18/1/2010,2799.43,,,,
19/1/2010,2787.64,,,,
20/1/2010,2793.34,,,,
21/1/2010,2724.6,,,,
22/1/2010,2697.11,,,,
25/1/2010,2669.83,,,,
27/1/2010,2553.39,,,,
28/1/2010,2553.79,,,,
29/1/2010,2581.02,,,,
01/2/2010,2620.86,,,,
02/2/2010,2596.04,,,,
03/2/2010,2630.8,,,,
04/2/2010,2589.61,,,,
05/2/2010,2514.43,,,,
06/2/2010,2554.44,,,,
08/2/2010,2545.02,,,,
09/2/2010,2560.64,,,,
10/2/2010,2557.05,,,,
11/2/2010,2580.48,,,,
15/2/2010,2566.24,,,,
16/2/2010,2576.01,,,,
17/2/2010,2595.45,,,,
18/2/2010,2584.61,,,,
19/2/2010,2547.71,,,,
22/2/2010,2528.06,,,,
23/2/2010,2505.6,,,,
24/2/2010,2494.6,,,,
25/2/2010,2487.48,,,,
26/2/2010,2514.07,,,,
02/3/2010,2567.06,,,,
03/3/2010,2597.09,,,,
04/3/2010,2614.61,,,,
05/3/2010,2630.53,,,,
08/3/2010,2653.6,,,,
09/3/2010,2630.79,,,,
10/3/2010,2626.82,,,,
11/3/2010,2616.28,,,,
12/3/2010,2612.82,,,,
15/3/2010,2587.3,,,,
16/3/2010,2616.04,,,,
17/3/2010,2619.65,,,,
18/3/2010,2622.71,,,,
19/3/2010,2632.25,,,,
22/3/2010,2610.54,,,,
23/3/2010,2618.41,,,,
25/3/2010,2619.88,,,,
26/3/2010,2626.99,,,,
29/3/2010,2620.41,,,,
30/3/2010,2641.1,,,,
31/3/2010,2657.38,,,,
01/4/2010,2701.67,,,,
05/4/2010,2736.54,,,,
06/4/2010,2743.98,,,,
07/4/2010,2760.04,,,,
08/4/2010,2751.4,,,,
09/4/2010,2780.24,,,,
12/4/2010,2786.82,,,,
13/4/2010,2779.86,,,,
15/4/2010,2778.82,,,,
16/4/2010,2770.26,,,,
19/4/2010,2724.25,,,,
20/4/2010,2762.51,,,,
21/4/2010,2794.08,,,,
22/4/2010,2792.79,,,,
23/4/2010,2805.66,,,,
26/4/2010,2815.44,,,,
27/4/2010,2814.77,,,,
28/4/2010,2762.63,,,,
29/4/2010,2791.77,,,,
30/4/2010,2807.52,,,,
03/5/2010,2794.29,,,,
04/5/2010,2752.7,,,,
05/5/2010,2745.62,,,,
06/5/2010,2744.69,,,,
07/5/2010,2667.96,,,,
10/5/2010,2730.3,,,,
11/5/2010,2707.66,,,,
12/5/2010,2708.35,,,,
13/5/2010,2728.97,,,,
14/5/2010,2694.99,,,,
17/5/2010,2678.92,,,,
18/5/2010,2690.42,,,,
19/5/2010,2628.08,,,,
20/5/2010,2623.45,,,,
21/5/2010,2587.05,,,,
24/5/2010,2592.39,,,,
25/5/2010,2512.07,,,,
26/5/2010,2550.45,,,,
27/5/2010,2573.11,,,,
28/5/2010,2608.23,,,,
31/5/2010,2634.36,,,,
01/6/2010,2609.21,,,,
02/6/2010,2624.58,,,,
03/6/2010,2650.51,,,,
04/6/2010,2650.97,,,,
07/6/2010,2616.73,,,,
08/6/2010,2595.73,,,,
09/6/2010,2600.29,,,,
10/6/2010,2633.23,,,,
11/6/2010,2647.81,,,,
14/6/2010,2677.4,,,,
15/6/2010,2703.77,,,,
16/6/2010,2711.85,,,,
17/6/2010,2722.1,,,,
18/6/2010,2706.57,,,,
21/6/2010,2738.6,,,,
22/6/2010,2740.81,,,,
23/6/2010,2769.79,,,,
24/6/2010,2776.22,,,,
25/6/2010,2762.62,,,,
28/6/2010,2790.0,,,,
29/6/2010,2772.63,,,,
30/6/2010,2787.13,,,,
01/7/2010,2782.91,,,,
02/7/2010,2790.04,,,,
05/7/2010,2798.01,,,,
06/7/2010,2815.85,,,,
07/7/2010,2810.75,,,,
08/7/2010,2823.38,,,,
09/7/2010,2839.33,,,,
12/7/2010,2858.11,,,,
13/7/2010,2875.19,,,,
14/7/2010,2864.66,,,,
15/7/2010,2869.26,,,,
16/7/2010,2883.24,,,,
19/7/2010,2882.57,,,,
20/7/2010,2871.32,,,,
21/7/2010,2882.24,,,,
22/7/2010,2891.59,,,,
23/7/2010,2879.79,,,,
26/7/2010,2854.58,,,,
27/7/2010,2853.64,,,,
28/7/2010,2846.77,,,,
29/7/2010,2850.78,,,,
30/7/2010,2854.86,,,,
02/8/2010,2879.26,,,,
03/8/2010,2891.9,,,,
04/8/2010,2901.44,,,,
05/8/2010,2905.89,,,,
06/8/2010,2913.68,,,,
09/8/2010,2952.8,,,,
10/8/2010,2945.1,,,,
11/8/2010,2935.48,,,,
12/8/2010,2934.19,,,,
13/8/2010,2957.24,,,,
16/8/2010,2957.33,,,,
17/8/2010,2975.63,,,,
18/8/2010,2999.44,,,,
19/8/2010,3032.39,,,,
20/8/2010,3035.1,,,,
23/8/2010,3055.0,,,,
24/8/2010,3040.26,,,,
25/8/2010,2993.04,,,,
26/8/2010,2997.25,,,,
27/8/2010,2966.61,,,,
30/8/2010,2961.75,,,,
31/8/2010,2937.1,,,,
01/9/2010,2993.11,,,,
02/9/2010,3011.86,,,,
03/9/2010,3045.41,,,,
06/9/2010,3092.73,,,,
07/9/2010,3108.85,,,,
08/9/2010,3122.11,,,,
09/9/2010,3136.03,,,,
13/9/2010,3151.03,,,,
14/9/2010,3131.58,,,,
15/9/2010,3132.56,,,,
16/9/2010,3110.56,,,,
17/9/2010,3146.91,,,,
20/9/2010,3159.59,,,,
21/9/2010,3120.97,,,,
22/9/2010,3112.84,,,,
23/9/2010,3107.66,,,,
24/9/2010,3146.24,,,,
27/9/2010,3149.36,,,,
28/9/2010,3147.38,,,,
29/9/2010,3136.28,,,,
30/9/2010,3137.3,,,,
01/10/2010,3187.0,,,,
04/10/2010,3201.27,,,,
05/10/2010,3231.41,,,,
06/10/2010,3270.66,,,,
07/10/2010,3240.22,,,,
08/10/2010,3229.66,,,,
11/10/2010,3272.05,,,,
12/10/2010,3260.74,,,,
13/10/2010,3295.22,,,,
14/10/2010,3279.79,,,,
15/10/2010,3246.9,,,,
18/10/2010,3229.65,,,,
19/10/2010,3235.67,,,,
20/10/2010,3224.4,,,,
21/10/2010,3261.57,,,,
22/10/2010,3273.88,,,,
25/10/2010,3314.42,,,,
26/10/2010,3312.43,,,,
27/10/2010,3295.73,,,,
28/10/2010,3278.42,,,,
29/10/2010,3249.48,,,,
01/11/2010,3290.73,,,,
02/11/2010,3301.36,,,,
03/11/2010,3323.01,,,,
04/11/2010,3338.29,,,,
05/11/2010,3373.13,,,,
08/11/2010,3374.69,,,,
09/11/2010,3388.9,,,,
10/11/2010,3405.23,,,,
11/11/2010,3381.34,,,,
12/11/2010,3301.73,,,,
15/11/2010,3291.64,,,,
16/11/2010,3204.86,,,,
18/11/2010,3187.9,,,,
19/11/2010,3124.54,,,,
22/11/2010,3168.32,,,,
23/11/2010,3117.28,,,,
24/11/2010,3086.17,,,,
25/11/2010,3035.44,,,,
26/11/2010,2911.23,,,,
29/11/2010,2912.1,,,,
30/11/2010,2957.64,,,,
01/12/2010,3040.67,,,,
02/12/2010,3085.04,,,,
03/12/2010,3004.55,,,,
06/12/2010,2988.99,,,,
07/12/2010,2948.24,,,,
08/12/2010,2865.23,,,,
09/12/2010,2719.2,,,,
10/12/2010,2786.57,,,,
13/12/2010,2846.84,,,,
14/12/2010,2897.45,,,,
15/12/2010,2862.08,,,,
16/12/2010,2880.73,,,,
20/12/2010,2893.85,,,,
21/12/2010,2914.1,,,,
22/12/2010,2923.81,,,,
23/12/2010,2926.13,,,,
24/12/2010,2934.93,,,,
27/12/2010,2941.71,,,,
28/12/2010,2951.33,,,,
29/12/2010,2969.69,,,,
30/12/2010,2985.09,,,,
31/12/2010,3020.41,,,,
03/1/2011,3053.67,,,,
04/1/2011,3052.6,,,,
05/1/2011,3014.79,,,,
06/1/2011,2977.26,,,,
07/1/2011,2895.09,,,,
10/1/2011,2821.03,,,,
11/1/2011,2796.8,,,,
12/1/2011,2850.39,,,,
13/1/2011,2835.1,,,,
14/1/2011,2797.79,,,,
17/1/2011,2764.0,,,,
18/1/2011,2773.77,,,,
19/1/2011,2782.6,,,,
20/1/2011,2783.19,,,,
21/1/2011,2794.89,,,,
24/1/2011,2818.15,,,,
25/1/2011,2797.31,,,,
27/1/2011,2748.14,,,,
28/1/2011,2667.25,,,,
31/1/2011,2650.71,,,,
01/2/2011,2614.47,,,,
02/2/2011,2615.53,,,,
03/2/2011,2652.04,,,,
04/2/2011,2616.37,,,,
07/2/2011,2597.21,,,,
08/2/2011,2532.86,,,,
09/2/2011,2423.91,,,,
10/2/2011,2409.79,,,,
11/2/2011,2479.76,,,,
14/2/2011,2579.48,,,,
15/2/2011,2589.23,,,,
16/2/2011,2607.63,,,,
17/2/2011,2636.0,,,,
18/2/2011,2591.51,,,,
21/2/2011,2585.97,,,,
22/2/2011,2570.76,,,,
23/2/2011,2564.83,,,,
24/2/2011,2487.83,,,,
25/2/2011,2478.31,,,,
28/2/2011,2489.0,,,,
01/3/2011,2558.42,,,,
03/3/2011,2554.06,,,,
04/3/2011,2551.33,,,,
07/3/2011,2517.47,,,,
08/3/2011,2541.44,,,,
09/3/2011,2559.13,,,,
10/3/2011,2552.63,,,,
11/3/2011,2528.56,,,,
14/3/2011,2537.54,,,,
15/3/2011,2497.89,,,,
16/3/2011,2533.89,,,,
17/3/2011,2524.33,,,,
18/3/2011,2506.77,,,,
21/3/2011,2500.16,,,,
22/3/2011,2516.01,,,,
23/3/2011,2535.78,,,,
24/3/2011,2556.69,,,,
25/3/2011,2593.55,,,,
28/3/2011,2598.3,,,,
29/3/2011,2600.92,,,,
30/3/2011,2644.09,,,,
31/3/2011,2649.12,,,,
01/4/2011,2699.65,,,,
04/4/2011,2764.87,,,,
05/4/2011,2797.23,,,,
06/4/2011,2818.87,,,,
07/4/2011,2843.39,,,,
08/4/2011,2805.88,,,,
11/4/2011,2786.37,,,,
13/4/2011,2825.22,,,,
15/4/2011,2817.0,,,,
18/4/2011,2779.41,,,,
19/4/2011,2785.46,,,,
20/4/2011,2822.1,,,,
21/4/2011,2822.66,,,,
25/4/2011,2816.73,,,,
26/4/2011,2824.39,,,,
27/4/2011,2817.31,,,,
28/4/2011,2802.15,,,,
29/4/2011,2769.75,,,,
02/5/2011,2731.97,,,,
03/5/2011,2682.92,,,,
04/5/2011,2669.41,,,,
05/5/2011,2641.81,,,,
06/5/2011,2663.79,,,,
09/5/2011,2666.96,,,,
10/5/2011,2671.21,,,,
11/5/2011,2693.81,,,,
12/5/2011,2666.6,,,,
13/5/2011,2691.71,,,,
16/5/2011,2666.92,,,,
17/5/2011,2650.28,,,,
18/5/2011,2632.1,,,,
19/5/2011,2618.0,,,,
20/5/2011,2635.72,,,,
23/5/2011,2598.13,,,,
24/5/2011,2598.42,,,,
25/5/2011,2586.31,,,,
26/5/2011,2590.77,,,,
27/5/2011,2622.65,,,,
30/5/2011,2642.0,,,,
31/5/2011,2678.73,,,,
01/6/2011,2693.76,,,,
02/6/2011,2681.94,,,,
03/6/2011,2674.59,,,,
06/6/2011,2678.35,,,,
07/6/2011,2695.15,,,,
08/6/2011,2697.83,,,,
09/6/2011,2695.1,,,,
10/6/2011,2685.88,,,,
13/6/2011,2690.11,,,,
14/6/2011,2703.18,,,,
15/6/2011,2687.66,,,,
16/6/2011,2665.99,,,,
17/6/2011,2642.0,,,,
20/6/2011,2558.9,,,,
21/6/2011,2549.83,,,,
22/6/2011,2527.57,,,,
23/6/2011,2527.76,,,,
24/6/2011,2577.38,,,,
27/6/2011,2598.49,,,,
28/6/2011,2613.17,,,,
29/6/2011,2640.87,,,,
30/6/2011,2653.52,,,,
01/7/2011,2665.41,,,,
04/7/2011,2693.73,,,,
05/7/2011,2700.76,,,,
06/7/2011,2707.53,,,,
07/7/2011,2734.03,,,,
08/7/2011,2711.39,,,,
11/7/2011,2701.63,,,,
12/7/2011,2671.67,,,,
13/7/2011,2704.57,,,,
14/7/2011,2710.47,,,,
15/7/2011,2713.97,,,,
18/7/2011,2713.96,,,,
19/7/2011,2731.2,,,,
20/7/2011,2716.86,,,,
21/7/2011,2706.28,,,,
22/7/2011,2733.67,,,,
25/7/2011,2743.52,,,,
26/7/2011,2722.36,,,,
27/7/2011,2728.27,,,,
28/7/2011,2705.9,,,,
29/7/2011,2691.99,,,,
01/8/2011,2685.75,,,,
02/8/2011,2645.62,,,,
03/8/2011,2637.96,,,,
04/8/2011,2620.17,,,,
05/8/2011,2549.12,,,,
08/8/2011,2492.33,,,,
09/8/2011,2449.04,,,,
10/8/2011,2509.22,,,,
11/8/2011,2501.63,,,,
12/8/2011,2493.97,,,,
16/8/2011,2457.52,,,,
17/8/2011,2431.88,,,,
18/8/2011,2376.12,,,,
19/8/2011,2338.58,,,,
22/8/2011,2374.41,,,,
23/8/2011,2402.06,,,,
24/8/2011,2391.67,,,,
25/8/2011,2374.51,,,,
26/8/2011,2321.44,,,,
29/8/2011,2376.36,,,,
30/8/2011,2410.93,,,,
02/9/2011,2427.15,,,,
05/9/2011,2432.72,,,,
06/9/2011,2455.06,,,,
07/9/2011,2483.73,,,,
08/9/2011,2495.77,,,,
09/9/2011,2476.81,,,,
12/9/2011,2433.79,,,,
13/9/2011,2436.66,,,,
14/9/2011,2449.97,,,,
15/9/2011,2461.61,,,,
16/9/2011,2464.54,,,,
19/9/2011,2460.66,,,,
20/9/2011,2490.94,,,,
21/9/2011,2519.48,,,,
22/9/2011,2442.62,,,,
23/9/2011,2422.51,,,,
26/9/2011,2388.96,,,,
27/9/2011,2432.39,,,,
28/9/2011,2409.14,,,,
29/9/2011,2404.4,,,,
30/9/2011,2394.72,,,,
03/10/2011,2356.7,,,,
04/10/2011,2330.74,,,,
05/10/2011,2304.41,,,,
07/10/2011,2340.18,,,,
10/10/2011,2362.81,,,,
11/10/2011,2370.73,,,,
12/10/2011,2402.25,,,,
13/10/2011,2402.59,,,,
14/10/2011,2415.45,,,,
17/10/2011,2421.64,,,,
18/10/2011,2395.58,,,,
19/10/2011,2422.01,,,,
20/10/2011,2408.81,,,,
21/10/2011,2398.6,,,,
24/10/2011,2388.36,,,,
25/10/2011,2390.09,,,,
26/10/2011,2420.17,,,,
28/10/2011,2453.59,,,,
31/10/2011,2462.83,,,,
01/11/2011,2450.71,,,,
02/11/2011,2447.0,,,,
03/11/2011,2441.93,,,,
04/11/2011,2457.96,,,,
08/11/2011,2461.14,,,,
09/11/2011,2432.42,,,,
11/11/2011,2394.0,,,,
14/11/2011,2351.98,,,,
15/11/2011,2285.62,,,,
16/11/2011,2261.12,,,,
17/11/2011,2233.23,,,,
18/11/2011,2208.37,,,,
21/11/2011,2168.24,,,,
22/11/2011,2166.87,,,,
23/11/2011,2123.24,,,,
24/11/2011,2144.53,,,,
25/11/2011,2157.5,,,,
28/11/2011,2190.79,,,,
29/11/2011,2178.73,,,,
30/11/2011,2153.05,,,,
01/12/2011,2170.02,,,,
02/12/2011,2192.85,,,,
05/12/2011,2195.88,,,,
07/12/2011,2201.46,,,,
08/12/2011,2159.17,,,,
09/12/2011,2142.94,,,,
12/12/2011,2102.98,,,,
13/12/2011,2089.3,,,,
14/12/2011,2068.47,,,,
15/12/2011,2038.97,,,,
16/12/2011,1997.25,,,,
19/12/2011,1952.64,,,,
20/12/2011,1917.44,,,,
21/12/2011,1939.05,,,,
22/12/2011,1948.09,,,,
23/12/2011,1953.28,,,,
26/12/2011,1972.02,,,,
27/12/2011,1960.31,,,,
28/12/2011,1935.85,,,,
29/12/2011,1928.15,,,,
30/12/2011,1932.06,,,,
02/1/2012,1936.12,,,,
03/1/2012,1982.23,,,,
04/1/2012,1980.16,,,,
05/1/2012,1979.59,,,,
06/1/2012,1979.25,,,,
07/1/2012,1998.78,,,,
09/1/2012,2016.76,,,,
10/1/2012,2065.05,,,,
11/1/2012,2092.1,,,,
12/1/2012,2093.48,,,,
13/1/2012,2128.3,,,,
16/1/2012,2130.02,,,,
17/1/2012,2157.67,,,,
18/1/2012,2138.69,,,,
19/1/2012,2166.19,,,,
20/1/2012,2166.13,,,,
23/1/2012,2162.87,,,,
24/1/2012,2186.27,,,,
25/1/2012,2216.16,,,,
27/1/2012,2235.67,,,,
30/1/2012,2191.73,,,,
31/1/2012,2231.76,,,,
01/2/2012,2264.65,,,,
02/2/2012,2287.07,,,,
03/2/2012,2313.38,,,,
06/2/2012,2340.66,,,,
07/2/2012,2335.52,,,,
08/2/2012,2370.88,,,,
09/2/2012,2404.6,,,,
10/2/2012,2411.61,,,,
13/2/2012,2417.07,,,,
14/2/2012,2447.0,,,,
15/2/2012,2479.84,,,,
16/2/2012,2502.66,,,,
17/2/2012,2499.21,,,,
21/2/2012,2523.71,,,,
22/2/2012,2435.38,,,,
23/2/2012,2417.25,,,,
24/2/2012,2401.36,,,,
27/2/2012,2326.66,,,,
28/2/2012,2390.64,,,,
29/2/2012,2409.86,,,,
01/3/2012,2399.28,,,,
02/3/2012,2398.82,,,,
03/3/2012,2404.35,,,,
05/3/2012,2380.96,,,,
06/3/2012,2350.7,,,,
07/3/2012,2346.91,,,,
09/3/2012,2391.6,,,,
12/3/2012,2407.23,,,,
13/3/2012,2435.52,,,,
14/3/2012,2432.83,,,,
15/3/2012,2404.16,,,,
16/3/2012,2382.92,,,,
19/3/2012,2364.0,,,,
20/3/2012,2375.78,,,,
21/3/2012,2410.39,,,,
22/3/2012,2367.3,,,,
23/3/2012,2376.21,,,,
26/3/2012,2343.89,,,,
27/3/2012,2342.56,,,,
28/3/2012,2324.47,,,,
29/3/2012,2330.22,,,,
30/3/2012,2384.55,,,,
02/4/2012,2414.9,,,,
03/4/2012,2442.57,,,,
04/4/2012,2439.58,,,,
09/4/2012,2409.97,,,,
10/4/2012,2410.89,,,,
11/4/2012,2402.63,,,,
12/4/2012,2424.91,,,,
13/4/2012,2406.24,,,,
16/4/2012,2423.65,,,,
17/4/2012,2441.52,,,,
18/4/2012,2445.51,,,,
19/4/2012,2448.25,,,,
20/4/2012,2428.24,,,,
23/4/2012,2387.85,,,,
24/4/2012,2380.97,,,,
25/4/2012,2366.93,,,,
26/4/2012,2357.65,,,,
27/4/2012,2353.6,,,,
28/4/2012,2360.14,,,,
30/4/2012,2380.95,,,,
02/5/2012,2381.97,,,,
03/5/2012,2357.33,,,,
04/5/2012,2313.44,,,,
07/5/2012,2323.13,,,,
08/5/2012,2290.58,,,,
09/5/2012,2259.41,,,,
10/5/2012,2259.71,,,,
11/5/2012,2239.52,,,,
14/5/2012,2205.75,,,,
15/5/2012,2219.3,,,,
16/5/2012,2194.84,,,,
17/5/2012,2199.01,,,,
18/5/2012,2198.13,,,,
21/5/2012,2216.57,,,,
22/5/2012,2202.99,,,,
23/5/2012,2190.14,,,,
24/5/2012,2203.63,,,,
25/5/2012,2211.69,,,,
28/5/2012,2229.57,,,,
29/5/2012,2228.9,,,,
30/5/2012,2206.88,,,,
31/5/2012,2202.22,,,,
01/6/2012,2172.17,,,,
04/6/2012,2168.35,,,,
05/6/2012,2175.56,,,,
06/6/2012,2215.93,,,,
07/6/2012,2231.91,,,,
08/6/2012,2238.64,,,,
11/6/2012,2235.81,,,,
12/6/2012,2245.55,,,,
13/6/2012,2248.38,,,,
14/6/2012,2227.67,,,,
15/6/2012,2240.22,,,,
18/6/2012,2215.77,,,,
19/6/2012,2221.93,,,,
20/6/2012,2240.58,,,,
21/6/2012,2262.73,,,,
22/6/2012,2265.41,,,,
25/6/2012,2267.63,,,,
26/6/2012,2265.24,,,,
27/6/2012,2272.59,,,,
28/6/2012,2277.35,,,,
29/6/2012,2317.43,,,,
02/7/2012,2335.67,,,,
03/7/2012,2348.44,,,,
04/7/2012,2370.49,,,,
05/7/2012,2408.22,,,,
06/7/2012,2397.05,,,,
09/7/2012,2367.49,,,,
10/7/2012,2391.38,,,,
11/7/2012,2386.0,,,,
12/7/2012,2369.29,,,,
13/7/2012,2373.43,,,,
16/7/2012,2356.77,,,,
17/7/2012,2336.74,,,,
18/7/2012,2345.98,,,,
19/7/2012,2355.2,,,,
20/7/2012,2348.86,,,,
23/7/2012,2318.13,,,,
24/7/2012,2319.63,,,,
25/7/2012,2306.12,,,,
26/7/2012,2257.09,,,,
27/7/2012,2231.13,,,,
30/7/2012,2261.4,,,,
31/7/2012,2275.62,,,,
01/8/2012,2300.53,,,,
02/8/2012,2309.8,,,,
03/8/2012,2303.87,,,,
06/8/2012,2319.54,,,,
07/8/2012,2327.25,,,,
08/8/2012,2320.06,,,,
09/8/2012,2314.59,,,,
10/8/2012,2310.18,,,,
13/8/2012,2320.16,,,,
14/8/2012,2333.02,,,,
16/8/2012,2338.72,,,,
17/8/2012,2337.69,,,,
21/8/2012,2343.77,,,,
22/8/2012,2336.79,,,,
23/8/2012,2339.33,,,,
24/8/2012,2327.03,,,,
27/8/2012,2301.66,,,,
28/8/2012,2274.97,,,,
29/8/2012,2255.02,,,,
30/8/2012,2259.19,,,,
31/8/2012,2258.55,,,,
03/9/2012,2265.27,,,,
04/9/2012,2276.09,,,,
05/9/2012,2270.53,,,,
06/9/2012,2280.81,,,,
07/9/2012,2304.71,,,,
08/9/2012,2317.34,,,,
10/9/2012,2327.23,,,,
11/9/2012,2338.82,,,,
12/9/2012,2350.21,,,,
13/9/2012,2342.89,,,,
14/9/2012,2358.67,,,,
17/9/2012,2381.7,,,,
18/9/2012,2401.04,,,,
20/9/2012,2383.22,,,,
21/9/2012,2417.56,,,,
24/9/2012,2433.19,,,,
25/9/2012,2447.8,,,,
26/9/2012,2455.14,,,,
27/9/2012,2461.84,,,,
28/9/2012,2489.23,,,,
01/10/2012,2523.78,,,,
03/10/2012,2547.6,,,,
04/10/2012,2562.19,,,,
05/10/2012,2540.1,,,,
08/10/2012,2525.33,,,,
09/10/2012,2538.94,,,,
10/10/2012,2496.13,,,,
11/10/2012,2523.62,,,,
12/10/2012,2523.18,,,,
15/10/2012,2530.72,,,,
16/10/2012,2514.99,,,,
17/10/2012,2517.3,,,,
18/10/2012,2547.6,,,,
19/10/2012,2531.36,,,,
22/10/2012,2527.0,,,,
23/10/2012,2522.62,,,,
25/10/2012,2523.62,,,,
26/10/2012,2492.71,,,,
29/10/2012,2487.02,,,,
30/10/2012,2458.98,,,,
31/10/2012,2477.3,,,,
01/11/2012,2493.93,,,,
02/11/2012,2501.84,,,,
05/11/2012,2495.82,,,,
06/11/2012,2516.87,,,,
07/11/2012,2533.18,,,,
08/11/2012,2532.34,,,,
09/11/2012,2509.7,,,,
12/11/2012,2521.39,,,,
13/11/2012,2544.42,,,,
15/11/2012,2552.74,,,,
16/11/2012,2525.38,,,,
19/11/2012,2504.32,,,,
20/11/2012,2480.84,,,,
21/11/2012,2486.46,,,,
22/11/2012,2494.02,,,,
23/11/2012,2502.38,,,,
26/11/2012,2523.01,,,,
27/11/2012,2549.88,,,,
29/11/2012,2573.15,,,,
30/11/2012,2606.58,,,,
03/12/2012,2639.86,,,,
04/12/2012,2640.84,,,,
05/12/2012,2651.77,,,,
06/12/2012,2671.88,,,,
07/12/2012,2672.49,,,,
10/12/2012,2689.33,,,,
11/12/2012,2658.98,,,,
12/12/2012,2663.96,,,,
13/12/2012,2626.04,,,,
14/12/2012,2635.61,,,,
17/12/2012,2654.83,,,,
18/12/2012,2676.34,,,,
19/12/2012,2689.47,,,,
20/12/2012,2680.0,,,,
21/12/2012,2635.73,,,,
24/12/2012,2647.81,,,,
26/12/2012,2663.92,,,,
27/12/2012,2648.37,,,,
28/12/2012,2657.1,,,,
31/12/2012,2669.86,,,,
01/1/2013,2704.58,,,,
02/1/2013,2726.57,,,,
03/1/2013,2746.85,,,,
04/1/2013,2760.14,,,,
07/1/2013,2769.03,,,,
08/1/2013,2762.13,,,,
09/1/2013,2753.32,,,,
10/1/2013,2744.56,,,,
11/1/2013,2706.31,,,,
14/1/2013,2731.36,,,,
15/1/2013,2736.31,,,,
16/1/2013,2697.18,,,,
17/1/2013,2697.47,,,,
18/1/2013,2694.24,,,,
21/1/2013,2695.63,,,,
22/1/2013,2668.86,,,,
23/1/2013,2639.01,,,,
24/1/2013,2573.08,,,,
25/1/2013,2606.81,,,,
28/1/2013,2610.61,,,,
29/1/2013,2590.47,,,,
30/1/2013,2589.75,,,,
31/1/2013,2593.97,,,,
01/2/2013,2589.35,,,,
04/2/2013,2561.32,,,,
05/2/2013,2545.32,,,,
06/2/2013,2548.28,,,,
07/2/2013,2517.51,,,,
08/2/2013,2492.75,,,,
11/2/2013,2490.29,,,,
12/2/2013,2479.08,,,,
13/2/2013,2470.35,,,,
14/2/2013,2432.26,,,,
15/2/2013,2421.95,,,,
18/2/2013,2434.34,,,,
19/2/2013,2461.75,,,,
20/2/2013,2467.39,,,,
21/2/2013,2428.0,,,,
22/2/2013,2429.64,,,,
25/2/2013,2402.91,,,,
26/2/2013,2352.66,,,,
27/2/2013,2366.89,,,,
28/2/2013,2316.34,,,,
01/3/2013,2314.7,,,,
04/3/2013,2274.15,,,,
05/3/2013,2309.8,,,,
06/3/2013,2343.02,,,,
07/3/2013,2354.46,,,,
08/3/2013,2375.68,,,,
11/3/2013,2385.62,,,,
12/3/2013,2374.82,,,,
13/3/2013,2345.61,,,,
14/3/2013,2346.46,,,,
15/3/2013,2325.32,,,,
18/3/2013,2316.19,,,,
19/3/2013,2279.59,,,,
20/3/2013,2233.29,,,,
21/3/2013,2204.62,,,,
22/3/2013,2192.63,,,,
25/3/2013,2186.45,,,,
26/3/2013,2192.37,,,,
28/3/2013,2224.03,,,,
01/4/2013,2265.38,,,,
02/4/2013,2309.32,,,,
03/4/2013,2295.46,,,,
04/4/2013,2245.57,,,,
05/4/2013,2240.53,,,,
08/4/2013,2241.99,,,,
09/4/2013,2220.3,,,,
10/4/2013,2230.09,,,,
11/4/2013,2240.13,,,,
12/4/2013,2234.18,,,,
15/4/2013,2246.04,,,,
16/4/2013,2263.32,,,,
17/4/2013,2268.35,,,,
18/4/2013,2285.04,,,,
22/4/2013,2307.66,,,,
23/4/2013,2310.64,,,,
25/4/2013,2311.64,,,,
26/4/2013,2292.16,,,,
29/4/2013,2304.62,,,,
30/4/2013,2309.29,,,,
02/5/2013,2322.11,,,,
03/5/2013,2313.4,,,,
06/5/2013,2343.22,,,,
07/5/2013,2359.32,,,,
08/5/2013,2378.11,,,,
09/5/2013,2367.61,,,,
10/5/2013,2367.46,,,,
11/5/2013,2372.98,,,,
13/5/2013,2337.21,,,,
14/5/2013,2332.43,,,,
15/5/2013,2368.49,,,,
16/5/2013,2373.6,,,,
17/5/2013,2381.41,,,,
20/5/2013,2374.3,,,,
21/5/2013,2355.25,,,,
22/5/2013,2330.96,,,,
23/5/2013,2280.27,,,,
24/5/2013,2291.07,,,,
27/5/2013,2316.04,,,,
28/5/2013,2325.32,,,,
29/5/2013,2313.05,,,,
30/5/2013,2306.7,,,,
31/5/2013,2264.23,,,,
03/6/2013,2265.83,,,,
04/6/2013,2272.08,,,,
05/6/2013,2276.0,,,,
06/6/2013,2283.68,,,,
07/6/2013,2275.08,,,,
10/6/2013,2253.42,,,,
11/6/2013,2209.07,,,,
12/6/2013,2194.27,,,,
13/6/2013,2159.0,,,,
14/6/2013,2183.2,,,,
17/6/2013,2187.85,,,,
18/6/2013,2190.68,,,,
19/6/2013,2203.95,,,,
20/6/2013,2158.16,,,,
21/6/2013,2132.64,,,,
24/6/2013,2085.54,,,,
25/6/2013,2074.61,,,,
26/6/2013,2056.98,,,,
27/6/2013,2064.45,,,,
28/6/2013,2107.11,,,,
01/7/2013,2146.99,,,,
02/7/2013,2142.96,,,,
03/7/2013,2098.7,,,,
04/7/2013,2109.36,,,,
05/7/2013,2114.35,,,,
08/7/2013,2109.85,,,,
09/7/2013,2127.73,,,,
10/7/2013,2127.95,,,,
11/7/2013,2146.12,,,,
12/7/2013,2145.99,,,,
15/7/2013,2160.32,,,,
16/7/2013,2135.21,,,,
17/7/2013,2126.17,,,,
18/7/2013,2142.34,,,,
19/7/2013,2130.73,,,,
22/7/2013,2123.43,,,,
23/7/2013,2124.91,,,,
24/7/2013,2089.22,,,,
25/7/2013,2070.67,,,,
26/7/2013,2053.46,,,,
29/7/2013,2023.92,,,,
30/7/2013,1977.45,,,,
31/7/2013,1952.73,,,,
01/8/2013,1928.08,,,,
02/8/2013,1907.66,,,,
05/8/2013,1917.92,,,,
06/8/2013,1874.71,,,,
07/8/2013,1901.89,,,,
08/8/2013,1925.97,,,,
12/8/2013,1957.03,,,,
13/8/2013,1980.68,,,,
14/8/2013,1987.24,,,,
16/8/2013,1933.25,,,,
19/8/2013,1911.56,,,,
20/8/2013,1914.52,,,,
21/8/2013,1897.9,,,,
22/8/2013,1908.92,,,,
23/8/2013,1931.84,,,,
26/8/2013,1939.54,,,,
27/8/2013,1900.23,,,,
28/8/2013,1880.08,,,,
29/8/2013,1898.99,,,,
30/8/2013,1902.25,,,,
02/9/2013,1926.21,,,,
03/9/2013,1901.27,,,,
04/9/2013,1914.36,,,,
05/9/2013,1948.65,,,,
06/9/2013,1958.12,,,,
10/9/2013,1979.93,,,,
11/9/2013,2006.8,,,,
12/9/2013,2001.8,,,,
13/9/2013,2013.65,,,,
16/9/2013,1995.86,,,,
17/9/2013,1994.63,,,,
18/9/2013,1998.05,,,,
19/9/2013,2026.94,,,,
20/9/2013,1998.72,,,,
23/9/2013,1990.29,,,,
24/9/2013,1990.03,,,,
25/9/2013,1991.26,,,,
26/9/2013,1997.33,,,,
27/9/2013,2000.26,,,,
30/9/2013,1989.86,,,,
01/10/2013,1999.4,,,,
03/10/2013,2022.69,,,,
04/10/2013,2032.73,,,,
07/10/2013,2043.58,,,,
08/10/2013,2057.08,,,,
09/10/2013,2077.49,,,,
10/10/2013,2096.91,,,,
11/10/2013,2109.1,,,,
14/10/2013,2126.75,,,,
15/10/2013,2098.4,,,,
17/10/2013,2102.19,,,,
18/10/2013,2117.49,,,,
21/10/2013,2142.16,,,,
22/10/2013,2165.72,,,,
23/10/2013,2156.46,,,,
24/10/2013,2158.91,,,,
25/10/2013,2145.85,,,,
28/10/2013,2134.86,,,,
29/10/2013,2154.7,,,,
30/10/2013,2166.86,,,,
31/10/2013,2185.38,,,,
01/11/2013,2210.88,,,,
03/11/2013,2244.09,,,,
05/11/2013,2259.67,,,,
06/11/2013,2270.09,,,,
07/11/2013,2241.97,,,,
08/11/2013,2236.6,,,,
11/11/2013,2208.9,,,,
12/11/2013,2190.04,,,,
13/11/2013,2177.69,,,,
14/11/2013,2208.01,,,,
18/11/2013,2231.54,,,,
19/11/2013,2240.86,,,,
20/11/2013,2246.77,,,,
21/11/2013,2220.84,,,,
22/11/2013,2226.05,,,,
25/11/2013,2250.69,,,,
26/11/2013,2234.78,,,,
27/11/2013,2237.95,,,,
28/11/2013,2260.83,,,,
29/11/2013,2286.37,,,,
02/12/2013,2312.17,,,,
03/12/2013,2317.66,,,,
04/12/2013,2312.2,,,,
05/12/2013,2316.61,,,,
06/12/2013,2323.16,,,,
09/12/2013,2331.0,,,,
10/12/2013,2313.52,,,,
11/12/2013,2316.11,,,,
12/12/2013,2311.87,,,,
13/12/2013,2285.4,,,,
16/12/2013,2293.46,,,,
17/12/2013,2291.92,,,,
18/12/2013,2322.8,,,,
19/12/2013,2320.12,,,,
20/12/2013,2362.11,,,,
23/12/2013,2393.04,,,,
24/12/2013,2412.03,,,,
26/12/2013,2438.43,,,,
27/12/2013,2441.18,,,,
30/12/2013,2439.95,,,,
31/12/2013,2452.55,,,,
01/1/2014,2485.39,,,,
02/1/2014,2430.0,,,,
03/1/2014,2449.98,,,,
06/1/2014,2475.4,,,,
07/1/2014,2476.3,,,,
08/1/2014,2487.44,,,,
09/1/2014,2470.18,,,,
10/1/2014,2452.85,,,,
13/1/2014,2456.72,,,,
14/1/2014,2454.19,,,,
15/1/2014,2458.21,,,,
16/1/2014,2449.27,,,,
17/1/2014,2403.11,,,,
20/1/2014,2424.86,,,,
21/1/2014,2440.15,,,,
22/1/2014,2450.02,,,,
23/1/2014,2440.04,,,,
24/1/2014,2395.25,,,,
27/1/2014,2331.8,,,,
28/1/2014,2340.84,,,,
29/1/2014,2337.72,,,,
30/1/2014,2304.4,,,,
31/1/2014,2340.32,,,,
03/2/2014,2325.82,,,,
04/2/2014,2335.75,,,,
05/2/2014,2353.1,,,,
06/2/2014,2347.63,,,,
07/2/2014,2358.64,,,,
10/2/2014,2356.44,,,,
11/2/2014,2365.38,,,,
12/2/2014,2370.72,,,,
13/2/2014,2345.59,,,,
14/2/2014,2346.19,,,,
17/2/2014,2343.86,,,,
18/2/2014,2371.81,,,,
19/2/2014,2391.74,,,,
20/2/2014,2389.26,,,,
21/2/2014,2409.56,,,,
24/2/2014,2418.19,,,,
25/2/2014,2426.46,,,,
26/2/2014,2429.97,,,,
28/2/2014,2440.37,,,,
03/3/2014,2440.3,,,,
04/3/2014,2474.02,,,,
05/3/2014,2487.81,,,,
06/3/2014,2522.69,,,,
07/3/2014,2514.8,,,,
10/3/2014,2522.41,,,,
11/3/2014,2525.0,,,,
12/3/2014,2524.4,,,,
13/3/2014,2503.41,,,,
14/3/2014,2495.7,,,,
18/3/2014,2525.31,,,,
19/3/2014,2537.11,,,,
20/3/2014,2539.16,,,,
21/3/2014,2565.66,,,,
22/3/2014,2578.96,,,,
24/3/2014,2579.49,,,,
25/3/2014,2591.51,,,,
26/3/2014,2597.26,,,,
27/3/2014,2617.35,,,,
28/3/2014,2655.87,,,,
31/3/2014,2682.37,,,,
01/4/2014,2688.27,,,,
02/4/2014,2733.64,,,,
03/4/2014,2725.83,,,,
04/4/2014,2743.33,,,,
07/4/2014,2745.91,,,,
09/4/2014,2802.59,,,,
10/4/2014,2822.1,,,,
11/4/2014,2839.42,,,,
15/4/2014,2828.04,,,,
16/4/2014,2787.52,,,,
17/4/2014,2830.21,,,,
21/4/2014,2870.0,,,,
22/4/2014,2871.97,,,,
23/4/2014,2879.88,,,,
25/4/2014,2871.62,,,,
28/4/2014,2878.42,,,,
29/4/2014,2873.3,,,,
30/4/2014,2829.0,,,,
02/5/2014,2845.07,,,,
05/5/2014,2837.33,,,,
06/5/2014,2850.27,,,,
07/5/2014,2847.25,,,,
08/5/2014,2864.5,,,,
09/5/2014,2896.78,,,,
12/5/2014,2915.81,,,,
13/5/2014,2974.18,,,,
14/5/2014,3001.98,,,,
15/5/2014,2974.48,,,,
16/5/2014,3019.5,,,,
19/5/2014,3202.41,,,,
20/5/2014,3292.46,,,,
21/5/2014,3346.07,,,,
22/5/2014,3445.9,,,,
23/5/2014,3515.99,,,,
26/5/2014,3428.54,,,,
27/5/2014,3403.36,,,,
28/5/2014,3438.89,,,,
29/5/2014,3423.89,,,,
30/5/2014,3436.17,,,,
02/6/2014,3514.97,,,,
03/6/2014,3560.37,,,,
04/6/2014,3636.07,,,,
05/6/2014,3684.47,,,,
06/6/2014,3738.88,,,,
09/6/2014,3826.32,,,,
10/6/2014,3818.01,,,,
11/6/2014,3788.25,,,,
12/6/2014,3795.98,,,,
13/6/2014,3683.37,,,,
16/6/2014,3698.36,,,,
17/6/2014,3774.45,,,,
18/6/2014,3760.88,,,,
19/6/2014,3749.27,,,,
20/6/2014,3719.59,,,,
23/6/2014,3736.88,,,,
24/6/2014,3802.02,,,,
25/6/2014,3815.36,,,,
26/6/2014,3802.65,,,,
27/6/2014,3813.74,,,,
30/6/2014,3885.8,,,,
01/7/2014,3918.71,,,,
02/7/2014,3966.49,,,,
03/7/2014,3948.17,,,,
04/7/2014,3979.8,,,,
07/7/2014,3987.3,,,,
08/7/2014,3827.03,,,,
09/7/2014,3755.56,,,,
10/7/2014,3788.13,,,,
11/7/2014,3673.95,,,,
14/7/2014,3655.53,,,,
15/7/2014,3733.95,,,,
16/7/2014,3806.5,,,,
17/7/2014,3863.0,,,,
18/7/2014,3863.78,,,,
21/7/2014,3892.19,,,,
22/7/2014,3888.27,,,,
23/7/2014,3865.05,,,,
24/7/2014,3864.09,,,,
25/7/2014,3794.33,,,,
28/7/2014,3769.21,,,,
30/7/2014,3769.68,,,,
31/7/2014,3777.77,,,,
01/8/2014,3738.19,,,,
04/8/2014,3778.43,,,,
05/8/2014,3821.55,,,,
06/8/2014,3807.34,,,,
07/8/2014,3788.33,,,,
08/8/2014,3700.78,,,,
11/8/2014,3722.29,,,,
12/8/2014,3743.16,,,,
13/8/2014,3655.91,,,,
14/8/2014,3702.02,,,,
18/8/2014,3790.52,,,,
19/8/2014,3841.37,,,,
20/8/2014,3850.81,,,,
21/8/2014,3856.24,,,,
22/8/2014,3857.54,,,,
25/8/2014,3833.41,,,,
26/8/2014,3809.37,,,,
27/8/2014,3837.42,,,,
28/8/2014,3834.32,,,,
01/9/2014,3889.9,,,,
02/9/2014,3932.79,,,,
03/9/2014,3958.53,,,,
04/9/2014,3941.15,,,,
05/9/2014,3964.42,,,,
08/9/2014,4026.46,,,,
09/9/2014,4048.09,,,,
10/9/2014,4066.94,,,,
11/9/2014,4123.89,,,,
12/9/2014,4144.69,,,,
15/9/2014,4155.49,,,,
16/9/2014,3995.56,,,,
17/9/2014,3999.55,,,,
18/9/2014,4099.32,,,,
19/9/2014,4136.26,,,,
22/9/2014,4154.07,,,,
23/9/2014,4054.08,,,,
24/9/2014,3979.35,,,,
25/9/2014,3844.58,,,,
26/9/2014,3865.19,,,,
29/9/2014,3938.08,,,,
30/9/2014,3948.94,,,,
01/10/2014,3929.51,,,,
07/10/2014,3889.68,,,,
08/10/2014,3881.29,,,,
09/10/2014,3950.29,,,,
10/10/2014,3900.71,,,,
13/10/2014,3924.96,,,,
14/10/2014,3926.73,,,,
16/10/2014,3807.87,,,,
17/10/2014,3812.9,,,,
20/10/2014,3842.71,,,,
21/10/2014,3864.18,,,,
22/10/2014,3911.58,,,,
23/10/2014,3954.49,,,,
27/10/2014,3930.3,,,,
28/10/2014,3943.34,,,,
29/10/2014,3976.06,,,,
30/10/2014,4001.56,,,,
31/10/2014,4054.31,,,,
03/11/2014,4106.37,,,,
05/11/2014,4113.01,,,,
07/11/2014,4110.58,,,,
10/11/2014,4110.3,,,,
11/11/2014,4140.78,,,,
12/11/2014,4148.72,,,,
13/11/2014,4137.2,,,,
14/11/2014,4159.49,,,,
17/11/2014,4213.26,,,,
18/11/2014,4233.63,,,,
19/11/2014,4198.66,,,,
20/11/2014,4184.07,,,,
21/11/2014,4165.99,,,,
24/11/2014,4158.49,,,,
25/11/2014,4072.43,,,,
26/11/2014,4103.06,,,,
27/11/2014,4113.78,,,,
28/11/2014,4128.37,,,,
01/12/2014,4094.11,,,,
02/12/2014,4124.55,,,,
03/12/2014,4187.85,,,,
04/12/2014,4211.22,,,,
05/12/2014,4210.79,,,,
08/12/2014,4169.21,,,,
09/12/2014,4102.94,,,,
10/12/2014,4152.86,,,,
11/12/2014,4124.58,,,,
12/12/2014,4060.04,,,,
15/12/2014,4046.46,,,,
16/12/2014,3905.54,,,,
17/12/2014,3868.81,,,,
18/12/2014,3987.17,,,,
19/12/2014,4011.01,,,,
22/12/2014,4045.14,,,,
23/12/2014,4031.6,,,,
24/12/2014,4040.51,,,,
26/12/2014,4046.49,,,,
29/12/2014,4069.02,,,,
30/12/2014,4095.59,,,,
31/12/2014,4158.75,,,,
01/1/2015,4208.22,,,,
02/1/2015,4236.16,,,,
05/1/2015,4255.31,,,,
06/1/2015,4120.45,,,,
07/1/2015,4126.43,,,,
08/1/2015,4204.87,,,,
09/1/2015,4201.46,,,,
12/1/2015,4237.27,,,,
13/1/2015,4243.05,,,,
14/1/2015,4227.11,,,,
15/1/2015,4286.39,,,,
16/1/2015,4300.1,,,,
19/1/2015,4327.96,,,,
20/1/2015,4353.74,,,,
21/1/2015,4336.3,,,,
22/1/2015,4353.68,,,,
23/1/2015,4329.61,,,,
27/1/2015,4350.3,,,,
28/1/2015,4343.49,,,,
29/1/2015,4349.15,,,,
30/1/2015,4343.82,,,,
02/2/2015,4392.4,,,,
03/2/2015,4388.55,,,,
04/2/2015,4368.73,,,,
05/2/2015,4322.41,,,,
06/2/2015,4255.92,,,,
09/2/2015,4200.54,,,,
10/2/2015,4204.53,,,,
11/2/2015,4269.84,,,,
12/2/2015,4333.82,,,,
13/2/2015,4352.18,,,,
16/2/2015,4356.17,,,,
18/2/2015,4396.74,,,,
19/2/2015,4407.42,,,,
20/2/2015,4410.95,,,,
23/2/2015,4371.18,,,,
24/2/2015,4353.43,,,,
25/2/2015,4342.5,,,,
26/2/2015,4318.85,,,,
27/2/2015,4392.07,,,,
28/2/2015,4369.42,,,,
02/3/2015,4434.32,,,,
03/3/2015,4501.16,,,,
04/3/2015,4444.72,,,,
05/3/2015,4472.04,,,,
09/3/2015,4413.29,,,,
10/3/2015,4409.14,,,,
11/3/2015,4400.78,,,,
12/3/2015,4461.67,,,,
13/3/2015,4408.59,,,,
16/3/2015,4376.74,,,,
17/3/2015,4395.14,,,,
18/3/2015,4412.58,,,,
19/3/2015,4373.73,,,,
20/3/2015,4281.77,,,,
23/3/2015,4233.82,,,,
24/3/2015,4220.89,,,,
25/3/2015,4190.95,,,,
26/3/2015,4146.38,,,,
27/3/2015,4151.99,,,,
30/3/2015,4274.99,,,,
31/3/2015,4318.35,,,,
01/4/2015,4414.18,,,,
06/4/2015,4483.5,,,,
07/4/2015,4530.37,,,,
08/4/2015,4595.7,,,,
09/4/2015,4608.39,,,,
10/4/2015,4625.89,,,,
13/4/2015,4644.47,,,,
15/4/2015,4621.86,,,,
16/4/2015,4567.39,,,,
17/4/2015,4516.87,,,,
20/4/2015,4414.88,,,,
21/4/2015,4408.57,,,,
22/4/2015,4405.65,,,,
23/4/2015,4401.85,,,,
24/4/2015,4272.86,,,,
27/4/2015,4137.79,,,,
28/4/2015,4217.1,,,,
29/4/2015,4248.98,,,,
30/4/2015,4242.44,,,,
04/5/2015,4328.4,,,,
05/5/2015,4339.28,,,,
06/5/2015,4195.09,,,,
07/5/2015,4113.61,,,,
08/5/2015,4188.04,,,,
11/5/2015,4238.96,,,,
12/5/2015,4145.48,,,,
13/5/2015,4187.87,,,,
14/5/2015,4219.35,,,,
15/5/2015,4233.47,,,,
18/5/2015,4277.17,,,,
19/5/2015,4296.57,,,,
20/5/2015,4293.47,,,,
21/5/2015,4281.31,,,,
22/5/2015,4291.52,,,,
25/5/2015,4278.01,,,,
26/5/2015,4260.95,,,,
27/5/2015,4251.87,,,,
28/5/2015,4250.26,,,,
29/5/2015,4317.08,,,,
01/6/2015,4311.97,,,,
02/6/2015,4226.77,,,,
03/6/2015,4106.71,,,,
04/6/2015,4105.71,,,,
05/6/2015,4124.33,,,,
08/6/2015,4066.14,,,,
09/6/2015,4038.25,,,,
10/6/2015,4078.81,,,,
11/6/2015,4015.43,,,,
12/6/2015,4006.32,,,,
15/6/2015,4028.64,,,,
16/6/2015,4041.54,,,,
17/6/2015,4087.08,,,,
18/6/2015,4139.63,,,,
19/6/2015,4143.45,,,,
22/6/2015,4210.68,,,,
23/6/2015,4228.01,,,,
24/6/2015,4202.98,,,,
25/6/2015,4208.92,,,,
26/6/2015,4224.11,,,,
29/6/2015,4154.74,,,,
30/6/2015,4209.1,,,,
01/7/2015,4270.95,,,,
02/7/2015,4299.58,,,,
03/7/2015,4302.36,,,,
06/7/2015,4366.18,,,,
07/7/2015,4396.93,,,,
08/7/2015,4330.74,,,,
09/7/2015,4336.52,,,,
10/7/2015,4361.08,,,,
13/7/2015,4414.68,,,,
14/7/2015,4443.6,,,,
15/7/2015,4465.76,,,,
16/7/2015,4491.53,,,,
17/7/2015,4510.77,,,,
20/7/2015,4534.16,,,,
21/7/2015,4449.7,,,,
22/7/2015,4501.27,,,,
23/7/2015,4534.37,,,,
24/7/2015,4506.72,,,,
27/7/2015,4441.98,,,,
28/7/2015,4438.03,,,,
29/7/2015,4490.46,,,,
30/7/2015,4547.77,,,,
31/7/2015,4583.28,,,,
03/8/2015,4621.74,,,,
04/8/2015,4657.24,,,,
05/8/2015,4690.63,,,,
06/8/2015,4680.09,,,,
07/8/2015,4670.42,,,,
10/8/2015,4653.6,,,,
11/8/2015,4591.17,,,,
12/8/2015,4468.79,,,,
13/8/2015,4405.11,,,,
14/8/2015,4489.81,,,,
17/8/2015,4506.55,,,,
18/8/2015,4558.01,,,,
19/8/2015,4572.21,,,,
20/8/2015,4475.54,,,,
21/8/2015,4441.3,,,,
24/8/2015,4031.16,,,,
25/8/2015,4064.78,,,,
26/8/2015,4093.12,,,,
27/8/2015,4211.26,,,,
28/8/2015,4222.14,,,,
31/8/2015,4224.74,,,,
01/9/2015,4118.73,,,,
02/9/2015,4112.93,,,,
03/9/2015,4179.12,,,,
04/9/2015,4063.1,,,,
07/9/2015,3989.45,,,,
08/9/2015,4019.86,,,,
09/9/2015,4105.04,,,,
10/9/2015,4093.44,,,,
11/9/2015,4121.55,,,,
14/9/2015,4149.55,,,,
15/9/2015,4128.17,,,,
16/9/2015,4110.96,,,,
18/9/2015,4156.92,,,,
21/9/2015,4198.03,,,,
22/9/2015,4144.46,,,,
23/9/2015,4173.28,,,,
24/9/2015,4199.52,,,,
28/9/2015,4196.08,,,,
29/9/2015,4195.96,,,,
30/9/2015,4255.3,,,,
01/10/2015,4255.84,,,,
05/10/2015,4329.42,,,,
06/10/2015,4357.81,,,,
07/10/2015,4371.12,,,,
08/10/2015,4362.59,,,,
09/10/2015,4370.88,,,,
12/10/2015,4379.19,,,,
13/10/2015,4416.02,,,,
14/10/2015,4420.1,,,,
15/10/2015,4431.94,,,,
16/10/2015,4441.7,,,,
19/10/2015,4475.5,,,,
20/10/2015,4485.32,,,,
21/10/2015,4480.59,,,,
23/10/2015,4461.46,,,,
26/10/2015,4423.13,,,,
27/10/2015,4427.32,,,,
28/10/2015,4417.32,,,,
29/10/2015,4391.87,,,,
30/10/2015,4353.56,,,,
02/11/2015,4349.9,,,,
03/11/2015,4373.21,,,,
04/11/2015,4358.81,,,,
05/11/2015,4280.99,,,,
06/11/2015,4245.83,,,,
09/11/2015,4286.83,,,,
10/11/2015,4242.21,,,,
11/11/2015,4309.08,,,,
13/11/2015,4281.03,,,,
16/11/2015,4317.4,,,,
17/11/2015,4339.09,,,,
18/11/2015,4304.86,,,,
19/11/2015,4353.67,,,,
20/11/2015,4376.85,,,,
23/11/2015,4395.91,,,,
24/11/2015,4420.53,,,,
26/11/2015,4440.18,,,,
27/11/2015,4450.62,,,,
30/11/2015,4481.55,,,,
01/12/2015,4498.96,,,,
02/12/2015,4502.68,,,,
03/12/2015,4486.05,,,,
04/12/2015,4435.72,,,,
07/12/2015,4443.43,,,,
08/12/2015,4376.29,,,,
09/12/2015,4271.75,,,,
10/12/2015,4324.91,,,,
11/12/2015,4301.15,,,,
14/12/2015,4326.77,,,,
15/12/2015,4363.39,,,,
16/12/2015,4371.32,,,,
17/12/2015,4448.36,,,,
18/12/2015,4439.82,,,,
21/12/2015,4484.8,,,,
22/12/2015,4485.18,,,,
23/12/2015,4513.98,,,,
24/12/2015,4539.64,,,,
28/12/2015,4551.26,,,,
29/12/2015,4541.9,,,,
30/12/2015,4550.84,,,,
31/12/2015,4583.13,,,,
01/1/2016,4622.6,,,,
04/1/2016,4564.3,,,,
05/1/2016,4596.74,,,,
06/1/2016,4577.94,,,,
07/1/2016,4434.62,,,,
08/1/2016,4494.9,,,,
11/1/2016,4463.74,,,,
12/1/2016,4417.22,,,,
13/1/2016,4318.56,,,,
14/1/2016,4257.89,,,,
15/1/2016,4101.98,,,,
18/1/2016,3919.97,,,,
19/1/2016,3987.82,,,,
20/1/2016,3900.09,,,,
21/1/2016,3921.52,,,,
22/1/2016,4019.24,,,,
25/1/2016,4064.7,,,,
27/1/2016,4080.5,,,,
28/1/2016,4081.77,,,,
29/1/2016,4133.13,,,,
01/2/2016,4151.63,,,,
02/2/2016,4088.4,,,,
03/2/2016,3985.39,,,,
04/2/2016,3947.88,,,,
05/2/2016,4003.03,,,,
08/2/2016,4000.98,,,,
09/2/2016,3949.92,,,,
10/2/2016,3880.48,,,,
11/2/2016,3684.23,,,,
12/2/2016,3630.73,,,,
15/2/2016,3762.37,,,,
16/2/2016,3680.44,,,,
17/2/2016,3678.32,,,,
18/2/2016,3693.76,,,,
19/2/2016,3697.1,,,,
22/2/2016,3714.85,,,,
23/2/2016,3665.16,,,,
24/2/2016,3624.53,,,,
25/2/2016,3599.18,,,,
26/2/2016,3581.08,,,,
29/2/2016,3578.86,,,,
01/3/2016,3711.98,,,,
02/3/2016,3794.31,,,,
03/3/2016,3850.53,,,,
04/3/2016,3876.54,,,,
08/3/2016,3896.08,,,,
09/3/2016,3913.23,,,,
10/3/2016,3908.64,,,,
11/3/2016,3905.12,,,,
14/3/2016,3925.39,,,,
15/3/2016,3903.24,,,,
16/3/2016,3897.86,,,,
17/3/2016,3908.48,,,,
18/3/2016,3923.86,,,,
21/3/2016,3970.76,,,,
22/3/2016,3984.04,,,,
23/3/2016,3990.34,,,,
28/3/2016,3927.06,,,,
29/3/2016,3921.97,,,,
30/3/2016,3999.33,,,,
31/3/2016,4012.24,,,,
01/4/2016,4051.1,,,,339915772.0
01/4/2016,4051.1,,,,339915772.0
04/4/2016,4084.95,,,,220417867.0
05/4/2016,4013.42,,,,226327401.0
06/4/2016,4062.04,,,,232080058.0
07/4/2016,4048.7,,,,243629053.0
08/4/2016,4081.05,,,,189591606.0
11/4/2016,4111.4,,,,187098858.0
12/4/2016,4154.76,,,,189010986.0
13/4/2016,4199.75,,,,257438294.0
18/4/2016,4251.86,,,,209809055.0
20/4/2016,4278.34,,,,274599192.0
21/4/2016,4259.17,,,,235598129.0
22/4/2016,4258.22,,,,204711371.0
25/4/2016,4238.61,,,,195738964.0
26/4/2016,4258.57,,,,206499227.0
27/4/2016,4271.67,,,,221785668.0
28/4/2016,4225.34,,,,324549628.0
29/4/2016,4225.04,,,,232154261.0
02/5/2016,4232.25,,,,185200148.0
03/5/2016,4230.19,,,,233888252.0
04/5/2016,4174.05,,,,199949104.0
05/5/2016,4178.23,,,,212353824.0
06/5/2016,4181.82,,,,182820452.0
09/5/2016,4233.9,,,,184321562.0
10/5/2016,4239.73,,,,193313423.0
11/5/2016,4235.7,,,,307575136.0
12/5/2016,4276.44,,,,221303633.0
13/5/2016,4267.31,,,,236698487.0
16/5/2016,4262.11,,,,190616815.0
17/5/2016,4276.52,,,,222470004.0
18/5/2016,4295.96,,,,187505968.0
19/5/2016,4251.97,,,,270937869.0
20/5/2016,4202.95,,,,189496956.0
23/5/2016,4178.34,,,,182785811.0
24/5/2016,4146.89,,,,219025065.0
25/5/2016,4182.0,,,,208853780.0
26/5/2016,4214.44,,,,327331375.0
27/5/2016,4239.59,,,,219699104.0
30/5/2016,4259.65,,,,194616312.0
31/5/2016,4250.72,,,,244137810.0
01/6/2016,4269.15,,,,225518085.0
02/6/2016,4278.43,,,,179682230.0
03/6/2016,4264.93,,,,241757933.0
06/6/2016,4277.08,,,,174534960.0
07/6/2016,4314.28,,,,224185586.0
08/6/2016,4360.12,,,,248911313.0
09/6/2016,4364.38,,,,269397618.0
10/6/2016,4366.65,,,,388929381.0
13/6/2016,4358.14,,,,445910580.0
14/6/2016,4384.43,,,,523739315.0
15/6/2016,4425.68,,,,378245376.0
16/6/2016,4409.23,,,,
17/6/2016,4440.96,,,,
20/6/2016,4449.28,,,,
21/6/2016,4464.02,,,,
22/6/2016,4437.62,,,,
23/6/2016,4429.38,,,,
24/6/2016,4348.6,,,,
27/6/2016,4438.57,,,,
28/6/2016,4464.43,,,,
29/6/2016,4538.27,,,,
30/6/2016,4586.69,,,,
01/7/2016,4621.65,,,,
04/7/2016,4675.09,,,,
05/7/2016,4684.9,,,,
07/7/2016,4690.4,,,,
08/7/2016,4667.48,,,,
11/7/2016,4706.52,,,,
12/7/2016,4713.82,,,,
13/7/2016,4669.76,,,,
14/7/2016,4708.42,,,,
15/7/2016,4673.6,,,,
18/7/2016,4653.73,,,,
19/7/2016,4653.36,,,,
20/7/2016,4697.4,,,,
21/7/2016,4693.58,,,,
22/7/2016,4712.28,,,,
25/7/2016,4755.13,,,,
26/7/2016,4729.3,,,,
27/7/2016,4749.74,,,,
28/7/2016,4780.37,,,,
29/7/2016,4778.33,,,,
01/8/2016,4772.08,,,,
02/8/2016,4727.74,,,,
03/8/2016,4676.57,,,,
04/8/2016,4687.61,,,,
05/8/2016,4758.39,,,,
08/8/2016,4791.04,,,,
09/8/2016,4773.5,,,,
10/8/2016,4712.85,,,,
11/8/2016,4705.84,,,,
12/8/2016,4703.93,,,,
16/8/2016,4704.16,,,,
17/8/2016,4745.78,,,,
18/8/2016,4805.97,,,,
19/8/2016,4832.56,,,,
22/8/2016,4829.16,,,,
23/8/2016,4834.45,,,,
24/8/2016,4867.3,,,,
25/8/2016,4850.74,,,,
26/8/2016,4837.79,,,,
29/8/2016,4847.4,,,,
30/8/2016,4888.61,,,,
31/8/2016,4898.93,,,,
01/9/2016,4864.06,,,,
02/9/2016,4885.96,,,,
06/9/2016,4935.16,,,,
07/9/2016,4965.19,,,,
08/9/2016,5018.66,,,,
09/9/2016,4992.59,,,,
12/9/2016,4852.46,,,,
14/9/2016,4925.39,,,,
15/9/2016,4942.5,,,,
16/9/2016,4950.14,,,,
19/9/2016,4978.6,,,,
20/9/2016,4974.49,,,,
21/9/2016,4981.84,,,,
22/9/2016,5036.69,,,,
23/9/2016,5026.14,,,,
26/9/2016,4996.33,,,,
27/9/2016,4991.19,,,,
28/9/2016,5048.87,,,,
29/9/2016,4818.09,,,,
30/9/2016,4923.76,,,,
03/10/2016,5067.19,,,,
04/10/2016,5098.94,,,,
05/10/2016,5137.94,,,,
06/10/2016,5105.42,,,,
07/10/2016,5111.9,,,,
10/10/2016,5117.85,,,,
13/10/2016,5029.99,,,,
14/10/2016,5067.61,,,,
17/10/2016,5042.54,,,,
18/10/2016,5104.68,,,,
19/10/2016,5128.13,,,,
20/10/2016,5164.79,,,,
21/10/2016,5178.46,,,,
24/10/2016,5206.44,,,,
25/10/2016,5203.17,,,,
26/10/2016,5166.44,,,,
27/10/2016,5126.29,,,,
28/10/2016,5160.38,,,,187155305.0
30/10/2016,5201.36,,,,
01/11/2016,5197.45,,,,
02/11/2016,5100.04,,,,
03/11/2016,5044.02,,,,
04/11/2016,4931.03,,,,
07/11/2016,4998.12,,,,
08/11/2016,5002.52,,,,
09/11/2016,4867.43,,,,
10/11/2016,4953.71,,,,
11/11/2016,4778.87,,,,
15/11/2016,4540.62,,,,
16/11/2016,4553.34,,,,
17/11/2016,4524.98,,,,
18/11/2016,4547.2,,,,
21/11/2016,4383.5,,,,
22/11/2016,4422.38,,,,
23/11/2016,4502.4,,,,
24/11/2016,4503.01,,,,
25/11/2016,4587.85,,,,
28/11/2016,4620.77,,,,
29/11/2016,4652.51,,,,
30/11/2016,4714.26,,,,
01/12/2016,4681.38,,,,
02/12/2016,4621.1,,,,
05/12/2016,4622.97,,,,
06/12/2016,4649.55,,,,
07/12/2016,4622.74,,,,
08/12/2016,4679.24,,,,
09/12/2016,4705.57,,,,
12/12/2016,4666.16,,,,
13/12/2016,4673.34,,,,
14/12/2016,4634.75,,,,
15/12/2016,4648.16,,,,
16/12/2016,4636.23,,,,
19/12/2016,4608.87,,,,
20/12/2016,4566.66,,,,
21/12/2016,4574.59,,,,
22/12/2016,4512.54,,,,
23/12/2016,4506.36,,,,
26/12/2016,4408.88,,,,
27/12/2016,4471.76,,,,
28/12/2016,4503.1,,,,
29/12/2016,4550.09,,,,
30/12/2016,4599.77,,,,
02/1/2017,4669.83,,,,
03/1/2017,4725.86,,,,
04/1/2017,4748.42,,,,
05/1/2017,4793.38,,,,
06/1/2017,4773.26,,,,
09/1/2017,4801.38,,,,
10/1/2017,4841.79,,,,
11/1/2017,4889.53,,,,
12/1/2017,4874.94,,,,
13/1/2017,4880.51,,,,
16/1/2017,4915.13,,,,
17/1/2017,4926.56,,,,
18/1/2017,4953.85,,,,
19/1/2017,4961.63,,,,
20/1/2017,4887.94,,,,
23/1/2017,4917.97,,,,
24/1/2017,4945.08,,,,
25/1/2017,4996.65,,,,
27/1/2017,5031.55,,,,
30/1/2017,5024.27,,,,
31/1/2017,4968.62,,,,
01/2/2017,5062.78,,,,
02/2/2017,5117.46,,,,
03/2/2017,5187.25,,,,
06/2/2017,5240.93,,,,
07/2/2017,5235.88,,,,
08/2/2017,5259.71,,,,
09/2/2017,5269.29,,,,
10/2/2017,5268.9,,,,
13/2/2017,5222.24,,,,
14/2/2017,5183.12,,,,
15/2/2017,5093.74,,,,
16/2/2017,5153.66,,,,
17/2/2017,5188.13,,,,
20/2/2017,5239.18,,,,
21/2/2017,5266.69,,,,
22/2/2017,5237.61,,,,
23/2/2017,5241.44,,,,
27/2/2017,5249.15,,,,
28/2/2017,5291.75,,,,
01/3/2017,5326.74,,,,
02/3/2017,5261.81,,,,
03/3/2017,5280.13,,,,
06/3/2017,5305.08,,,,
07/3/2017,5309.95,,,,
08/3/2017,5283.64,,,,
09/3/2017,5281.02,,,,
10/3/2017,5273.58,,,,
14/3/2017,5339.38,,,,
15/3/2017,5387.2,,,,
16/3/2017,5442.16,,,,
17/3/2017,5430.76,,,,
20/3/2017,5438.85,,,,
21/3/2017,5433.64,,,,
22/3/2017,5383.92,,,,
23/3/2017,5432.83,,,,
24/3/2017,5461.7,,,,
27/3/2017,5455.99,,,,265273808.0
28/3/2017,5477.58,,,,250476831.0
29/3/2017,5506.72,,,,314244036.0
30/3/2017,5545.24,,,,407092173.0
31/3/2017,5596.81,,,,349195068.0
03/4/2017,5671.1,,,,364650274.0
05/4/2017,5741.33,,,,464941684.0
06/4/2017,5721.31,,,,335731690.0
07/4/2017,5675.65,,,,337196357.0
10/4/2017,5715.99,,,,292219334.0
11/4/2017,5785.81,,,,375789872.0
12/4/2017,5758.29,,,,350395606.0
13/4/2017,5770.23,,,,279414876.0
17/4/2017,5802.96,,,,572276339.0
18/4/2017,5748.07,,,,499978574.0
19/4/2017,5802.67,,,,359945020.0
20/4/2017,5890.4,,,,400917598.0
21/4/2017,5926.06,,,,470278122.0
24/4/2017,5979.51,,,,463230635.0
25/4/2017,6015.56,,,,348299163.0
26/4/2017,5954.05,,,,407463850.0
27/4/2017,5957.93,,,,287987365.0
28/4/2017,5996.6,,,,422548075.0
02/5/2017,6015.11,,,,368547050.0
03/5/2017,6029.19,,,,364131289.0
04/5/2017,6049.19,,,,310544723.0
05/5/2017,5981.71,,,,370543903.0
08/5/2017,6035.2,,,,314386169.0
09/5/2017,6071.29,,,,422719223.0
10/5/2017,6120.79,,,,348117805.0
11/5/2017,6113.34,,,,308112009.0
12/5/2017,6070.66,,,,301598007.0
15/5/2017,6119.53,,,,344564297.0
16/5/2017,6167.35,,,,424410829.0
17/5/2017,6157.74,,,,315461125.0
18/5/2017,6031.11,,,,407798832.0
19/5/2017,5980.8,,,,298546174.0
22/5/2017,5901.66,,,,264708386.0
23/5/2017,5775.07,,,,347430390.0
24/5/2017,5671.68,,,,346591527.0
25/5/2017,5804.07,,,,423550618.0
26/5/2017,5912.07,,,,392746778.0
29/5/2017,5811.58,,,,305078910.0
30/5/2017,5836.0,,,,295919080.0
31/5/2017,5903.2,,,,399941521.0
01/6/2017,5956.79,,,,280059262.0
02/6/2017,5994.81,,,,329315671.0
05/6/2017,6023.54,,,,229277605.0
06/6/2017,5975.61,,,,229744144.0
07/6/2017,6008.09,,,,221867946.0
08/6/2017,6024.14,,,,216528353.0
09/6/2017,6056.76,,,,265194298.0
12/6/2017,6022.33,,,,221231121.0
13/6/2017,6044.45,,,,
14/6/2017,6066.82,,,,294174803.0
15/6/2017,6092.01,,,,391038555.0
16/6/2017,6120.79,,,,380389605.0
19/6/2017,6118.89,,,,270755002.0
20/6/2017,6125.12,,,,267408913.0
21/6/2017,6127.59,,,,338655137.0
22/6/2017,6085.9,,,,594887949.0
23/6/2017,5997.33,,,,544347238.0
27/6/2017,5892.29,,,,552002644.0
28/6/2017,5902.48,,,,416424667.0
29/6/2017,5961.11,,,,542880869.0
30/6/2017,5982.5,,,,517390249.0
03/7/2017,6053.5,,,,365867855.0
04/7/2017,6048.46,,,,418771400.0
05/7/2017,6116.7,,,,424861642.0
06/7/2017,6139.21,,,,424076931.0
07/7/2017,6157.69,,,,575797511.0
10/7/2017,6181.8,,,,121253085.0
11/7/2017,6133.88,,,,369651421.0
12/7/2017,6185.01,,,,393637250.0
13/7/2017,6209.84,,,,332305838.0
14/7/2017,6183.78,,,,330656443.0
17/7/2017,6189.29,,,,581312446.0
18/7/2017,6144.93,,,,404825547.0
19/7/2017,6211.48,,,,526845442.0
20/7/2017,6217.98,,,,439836371.0
21/7/2017,6234.62,,,,721510695.0
24/7/2017,6243.99,,,,828415632.0
25/7/2017,6246.32,,,,600954731.0
26/7/2017,6268.15,,,,834997076.0
27/7/2017,6219.51,,,,625636815.0
28/7/2017,6239.18,,,,510005092.0
31/7/2017,6237.8,,,,358057951.0
01/8/2017,6231.29,,,,310961434.0
02/8/2017,6217.76,,,,466947262.0
03/8/2017,6150.0,,,,523434171.0
04/8/2017,6149.54,,,,444418060.0
07/8/2017,6212.91,,,,494807160.0
08/8/2017,6112.05,,,,528019248.0
09/8/2017,6009.78,,,,625616454.0
10/8/2017,5779.11,,,,510274689.0
11/8/2017,5775.77,,,,585131280.0
14/8/2017,5916.79,,,,389019271.0
16/8/2017,5995.48,,,,380773140.0
17/8/2017,6032.68,,,,327850676.0
18/8/2017,5995.8,,,,297441796.0
21/8/2017,5920.51,,,,261577286.0
22/8/2017,5881.43,,,,321891914.0
23/8/2017,5959.79,,,,313450433.0
24/8/2017,5992.73,,,,366104632.0
28/8/2017,6072.89,,,,298468560.0
29/8/2017,5996.75,,,,349978303.0
30/8/2017,6084.46,,,,412272209.0
31/8/2017,6131.44,,,,414678666.0
01/9/2017,6189.42,,,,448473852.0
04/9/2017,6138.6,,,,441035442.0
05/9/2017,6201.32,,,,397801190.0
06/9/2017,6228.08,,,,491381818.0
07/9/2017,6267.63,,,,479274132.0
08/9/2017,6256.23,,,,470849930.0
11/9/2017,6280.2,,,,444024938.0
12/9/2017,6336.82,,,,438453439.0
13/9/2017,6296.86,,,,383224478.0
14/9/2017,6320.12,,,,342115545.0
15/9/2017,6326.22,,,,483178390.0
18/9/2017,6382.69,,,,499386644.0
19/9/2017,6415.97,,,,647564991.0
20/9/2017,6405.43,,,,520072803.0
21/9/2017,6360.62,,,,434127466.0
22/9/2017,6165.65,,,,408582725.0
25/9/2017,6036.11,,,,483542187.0
26/9/2017,6086.54,,,,401054189.0
27/9/2017,5962.91,,,,369604461.0
28/9/2017,6006.39,,,,443414204.0
29/9/2017,6093.86,,,,393749909.0
03/10/2017,6117.78,,,,276000914.0
04/10/2017,6164.89,,,,346375304.0
05/10/2017,6214.99,,,,359990196.0
06/10/2017,6289.57,,,,445368908.0
09/10/2017,6325.72,,,,503015759.0
10/10/2017,6375.86,,,,450140985.0
11/10/2017,6306.45,,,,476900745.0
12/10/2017,6376.06,,,,349841191.0
13/10/2017,6401.11,,,,439567408.0
16/10/2017,6404.67,,,,350448777.0
17/10/2017,6453.64,,,,333655174.0
18/10/2017,6453.95,,,,306566202.0
19/10/2017,6459.94,,,,102735192.0
23/10/2017,6480.49,,,,324835746.0
24/10/2017,6525.37,,,,416038028.0
25/10/2017,6538.12,,,,601435967.0
26/10/2017,6573.39,,,,569121946.0
27/10/2017,6593.01,,,,412527698.0
30/10/2017,6667.26,,,,378143619.0
31/10/2017,6697.75,,,,393816475.0
01/11/2017,6734.39,,,,525453153.0
02/11/2017,6758.41,,,,502665011.0
03/11/2017,6799.84,,,,514333784.0
06/11/2017,6828.74,,,,486995452.0
07/11/2017,6735.88,,,,540369954.0
08/11/2017,6676.48,,,,411888833.0
09/11/2017,6712.01,,,,408573024.0
10/11/2017,6715.27,,,,476903562.0
13/11/2017,6667.62,,,,584174421.0
14/11/2017,6654.32,,,,434505574.0
15/11/2017,6547.16,,,,361055419.0
16/11/2017,6615.66,,,,384743631.0
17/11/2017,6669.76,,,,420330726.0
20/11/2017,6728.79,,,,424538899.0
21/11/2017,6753.67,,,,387286723.0
22/11/2017,6770.95,,,,468185010.0
23/11/2017,6811.25,,,,415868477.0
24/11/2017,6831.56,,,,378207053.0
27/11/2017,6884.38,,,,334622591.0
28/11/2017,6902.18,,,,406789088.0
29/11/2017,6896.13,,,,386544494.0
30/11/2017,6911.72,,,,505169691.0
01/12/2017,6814.12,,,,358692551.0
04/12/2017,6762.79,,,,269086093.0
05/12/2017,6752.48,,,,278359464.0
06/12/2017,6718.97,,,,291377294.0
07/12/2017,6809.25,,,,344600386.0
08/12/2017,6877.56,,,,582616538.0
11/12/2017,6878.51,,,,483292730.0
12/12/2017,6816.29,,,,357072135.0
13/12/2017,6760.47,,,,480402204.0
14/12/2017,6742.61,,,,289693496.0
15/12/2017,6834.44,,,,348426383.0
18/12/2017,6854.54,,,,372268032.0
19/12/2017,6978.61,,,,362440076.0
20/12/2017,7035.98,,,,502044709.0
21/12/2017,7111.42,,,,690249460.0
22/12/2017,7154.32,,,,486754663.0
26/12/2017,7206.92,,,,450249269.0
27/12/2017,7169.32,,,,506961706.0
28/12/2017,7193.21,,,,690957757.0
29/12/2017,7234.34,,,,1102300673.0
01/1/2018,7273.0,,,,996020521.0
02/1/2018,7221.62,,,,909632561.0
03/1/2018,7283.95,,,,624519066.0
04/1/2018,7367.41,,,,647485165.0
05/1/2018,7435.66,,,,744776624.0
08/1/2018,7503.61,,,,631611164.0
09/1/2018,7509.98,,,,650698471.0
10/1/2018,7514.62,,,,615064878.0
11/1/2018,7554.46,,,,590598585.0
12/1/2018,7551.09,,,,754682717.0
15/1/2018,7568.3,,,,548600655.0
16/1/2018,7386.27,,,,597796966.0
17/1/2018,7424.39,,,,595268754.0
18/1/2018,7264.85,,,,614000352.0
19/1/2018,7334.45,,,,462382028.0
22/1/2018,7382.47,,,,547496039.0
23/1/2018,7413.55,,,,423444458.0
24/1/2018,7348.85,,,,412352310.0
25/1/2018,7287.21,,,,392078933.0
29/1/2018,7188.17,,,,345324456.0
30/1/2018,7085.53,,,,381255490.0
31/1/2018,7021.49,,,,350518724.0
01/2/2018,7023.74,,,,444684620.0
02/2/2018,6670.31,,,,592768139.0
05/2/2018,6669.77,,,,486082512.0
06/2/2018,6522.04,,,,529424278.0
07/2/2018,6647.8,,,,382266743.0
08/2/2018,6803.87,,,,406328368.0
09/2/2018,6828.03,,,,393588752.0
12/2/2018,6941.88,,,,373062983.0
14/2/2018,6937.48,,,,440769287.0
15/2/2018,6851.92,,,,337774535.0
16/2/2018,6760.21,,,,306207637.0
19/2/2018,6688.99,,,,322156981.0
20/2/2018,6682.25,,,,265059956.0
21/2/2018,6666.34,,,,253158460.0
22/2/2018,6631.74,,,,331971278.0
23/2/2018,6741.12,,,,440582532.0
26/2/2018,6813.21,,,,399879886.0
27/2/2018,6773.07,,,,284824905.0
28/2/2018,6770.97,,,,286447542.0
01/3/2018,6744.61,,,,246732399.0
05/3/2018,6669.78,,,,274657346.0
06/3/2018,6576.86,,,,299019054.0
07/3/2018,6426.67,,,,448704163.0
08/3/2018,6459.4,,,,432792699.0
09/3/2018,6435.18,,,,330870306.0
12/3/2018,6463.34,,,,405052411.0
13/3/2018,6544.97,,,,460667657.0
14/3/2018,6541.14,,,,388338545.0
15/3/2018,6605.73,,,,565058914.0
16/3/2018,6521.12,,,,654363327.0
19/3/2018,6379.46,,,,398622521.0
20/3/2018,6378.88,,,,446897148.0
21/3/2018,6404.18,,,,378927342.0
22/3/2018,6323.74,,,,404167083.0
23/3/2018,6220.84,,,,456680727.0
26/3/2018,6262.95,,,,455242439.0
27/3/2018,6352.5,,,,371375800.0
28/3/2018,6270.82,,,,454951479.0
02/4/2018,6393.98,,,,
03/4/2018,6477.67,,,,525250626.0
04/4/2018,6413.61,,,,645409265.0
05/4/2018,6539.27,,,,575419783.0
06/4/2018,6579.58,,,,553708771.0
09/4/2018,6592.17,,,,366395925.0
10/4/2018,6591.12,,,,390723901.0
11/4/2018,6591.83,,,,425772428.0
12/4/2018,6573.36,,,,348430395.0
13/4/2018,6588.47,,,,342923307.0
16/4/2018,6612.01,,,,359764212.0
17/4/2018,6625.48,,,,343126631.0
18/4/2018,6603.0,,,,394380017.0
19/4/2018,6660.14,,,,412529669.0
20/4/2018,6665.34,,,,347765857.0
23/4/2018,6686.73,,,,321521008.0
24/4/2018,6672.57,,,,512288780.0
25/4/2018,6597.22,,,,517240247.0
26/4/2018,6607.97,,,,489749451.0
27/4/2018,6636.64,,,,359220004.0
30/4/2018,6704.78,,,,368267506.0
02/5/2018,6631.98,,,,502825880.0
03/5/2018,6569.59,,,,450064083.0
04/5/2018,6553.1,,,,462645051.0
07/5/2018,6592.43,,,,352614279.0
08/5/2018,6622.15,,,,394743525.0
09/5/2018,6607.24,,,,355207042.0
10/5/2018,6503.69,,,,406455491.0
11/5/2018,6486.52,,,,351419318.0
14/5/2018,6414.26,,,,418093885.0
15/5/2018,6355.87,,,,477400954.0
16/5/2018,6362.74,,,,577102561.0
17/5/2018,6410.11,,,,1053571634.0
18/5/2018,6286.06,,,,1207961030.0
21/5/2018,6133.1,,,,783176900.0
22/5/2018,6203.6,,,,675300812.0
23/5/2018,6185.4,,,,401587260.0
24/5/2018,6186.86,,,,429582329.0
25/5/2018,6268.68,,,,440186955.0
28/5/2018,6362.52,,,,458803979.0
29/5/2018,6350.67,,,,513343667.0
30/5/2018,6337.23,,,,658269349.0
31/5/2018,6289.76,,,,806892243.0
01/6/2018,6191.24,,,,575460433.0
04/6/2018,6038.55,,,,384289072.0
05/6/2018,5875.74,,,,455564959.0
06/6/2018,5968.35,,,,619989541.0
07/6/2018,6095.95,,,,521234306.0
08/6/2018,6141.79,,,,422451228.0
11/6/2018,6166.84,,,,344503138.0
12/6/2018,6205.63,,,,426387413.0
13/6/2018,6190.95,,,,395168510.0
14/6/2018,6182.18,,,,349419125.0
15/6/2018,6143.89,,,,389606150.0
18/6/2018,6097.26,,,,355854522.0
19/6/2018,6014.86,,,,523022062.0
20/6/2018,6026.11,,,,456771844.0
21/6/2018,5973.29,,,,348420212.0
22/6/2018,5973.61,,,,295223436.0
25/6/2018,5925.99,,,,281510410.0
26/6/2018,5877.61,,,,314118841.0
27/6/2018,5758.93,,,,447923324.0
28/6/2018,5667.96,,,,470481043.0
29/6/2018,5786.49,,,,399719622.0
02/7/2018,5733.78,,,,323132293.0
03/7/2018,5759.89,,,,276913237.0
04/7/2018,5785.91,,,,300795353.0
05/7/2018,5753.69,,,,307177307.0
06/7/2018,5783.81,,,,261485400.0
09/7/2018,5877.02,,,,297328609.0
10/7/2018,5939.26,,,,314169801.0
11/7/2018,5915.62,,,,278112477.0
12/7/2018,5916.75,,,,325064822.0
13/7/2018,5808.18,,,,306047837.0
16/7/2018,5654.24,,,,349157660.0
17/7/2018,5716.64,,,,370324653.0
18/7/2018,5661.03,,,,381228360.0
19/7/2018,5612.2,,,,332082147.0
20/7/2018,5632.22,,,,308037518.0
23/7/2018,5678.83,,,,396903190.0
24/7/2018,5808.2,,,,489845174.0
25/7/2018,5825.54,,,,434963719.0
26/7/2018,5848.33,,,,356463016.0
27/7/2018,5907.71,,,,371142617.0
30/7/2018,5933.52,,,,319416518.0
31/7/2018,5943.02,,,,455860316.0
01/8/2018,5948.77,,,,405734323.0
02/8/2018,5944.01,,,,367940483.0
03/8/2018,6028.64,,,,516909793.0
06/8/2018,6050.03,,,,448645047.0
07/8/2018,6021.72,,,,453977404.0
08/8/2018,6039.17,,,,485328082.0
09/8/2018,6069.26,,,,829687338.0
10/8/2018,6006.91,,,,528310457.0
13/8/2018,5951.14,,,,543151865.0
14/8/2018,5969.77,,,,435858571.0
16/8/2018,5950.45,,,,548338780.0
17/8/2018,6007.85,,,,505747592.0
20/8/2018,6020.8,,,,424390344.0
21/8/2018,6047.59,,,,564988783.0
23/8/2018,6036.24,,,,360461802.0
24/8/2018,6021.91,,,,470409474.0
27/8/2018,6060.92,,,,417274021.0
28/8/2018,6073.5,,,,431976852.0
29/8/2018,6088.14,,,,457438851.0
30/8/2018,6125.79,,,,571204738.0
31/8/2018,6160.43,,,,471065673.0
03/9/2018,6152.57,,,,480779379.0
04/9/2018,6024.29,,,,455176214.0
05/9/2018,6008.53,,,,478639698.0
06/9/2018,6042.68,,,,322050736.0
07/9/2018,6069.48,,,,318560214.0
10/9/2018,5999.73,,,,323019861.0
11/9/2018,5917.13,,,,364164811.0
12/9/2018,5899.47,,,,506620266.0
14/9/2018,5977.76,,,,439480917.0
17/9/2018,5985.88,,,,515634835.0
18/9/2018,5884.93,,,,594739172.0
19/9/2018,5834.77,,,,430771617.0
21/9/2018,5649.71,,,,676996445.0
24/9/2018,5507.92,,,,454170132.0
25/9/2018,5460.51,,,,506810943.0
26/9/2018,5457.14,,,,488795857.0
27/9/2018,5340.62,,,,456549817.0
28/9/2018,5130.04,,,,635388420.0
01/10/2018,5134.1,,,,559754673.0
03/10/2018,5158.8,,,,488461092.0
04/10/2018,5049.34,,,,465048987.0
05/10/2018,4942.38,,,,352412300.0
08/10/2018,4851.17,,,,424627448.0
09/10/2018,4827.47,,,,349125267.0
10/10/2018,5004.09,,,,430942456.0
11/10/2018,4916.38,,,,388565627.0
12/10/2018,5040.82,,,,415575630.0
15/10/2018,5103.27,,,,382117768.0
16/10/2018,5181.97,,,,464409516.0
17/10/2018,5059.86,,,,441563211.0
19/10/2018,5004.75,,,,399767947.0
22/10/2018,4918.32,,,,347508046.0
23/10/2018,4853.5,,,,353510682.0
24/10/2018,4888.62,,,,281097506.0
25/10/2018,4842.14,,,,341514630.0
26/10/2018,4831.37,,,,428113877.0
29/10/2018,4938.41,,,,411553920.0
30/10/2018,4995.3,,,,465251528.0
31/10/2018,5056.8,,,,380549927.0
01/11/2018,5118.9,,,,464586057.0
02/11/2018,5175.72,,,,495570771.0
05/11/2018,5154.61,,,,343950974.0
06/11/2018,5150.83,,,,277682222.0
07/11/2018,5208.54,,,,105748158.0
09/11/2018,5244.03,,,,413429751.0
12/11/2018,5198.53,,,,374774207.0
13/11/2018,5205.33,,,,366542328.0
14/11/2018,5197.7,,,,352787906.0
15/11/2018,5198.38,,,,314804814.0
16/11/2018,5183.77,,,,414847550.0
19/11/2018,5203.67,,,,418106183.0
20/11/2018,5141.76,,,,358858193.0
21/11/2018,5149.63,,,,327496364.0
22/11/2018,5130.38,,,,332132194.0
26/11/2018,5113.37,,,,289742321.0
27/11/2018,5134.07,,,,324703171.0
28/11/2018,5104.6,,,,317963121.0
29/11/2018,5108.43,,,,407783803.0
30/11/2018,5125.73,,,,427313617.0
03/12/2018,5156.19,,,,550969863.0
04/12/2018,5165.19,,,,585513622.0
05/12/2018,5095.57,,,,394559439.0
06/12/2018,5029.58,,,,374971932.0
07/12/2018,5031.43,,,,351049387.0
10/12/2018,4939.0,,,,254981695.0
11/12/2018,5005.34,,,,357951843.0
12/12/2018,5138.7,,,,352216643.0
13/12/2018,5177.38,,,,364084370.0
14/12/2018,5184.64,,,,417474280.0
17/12/2018,5203.46,,,,272058213.0
18/12/2018,5235.89,,,,311482108.0
19/12/2018,5295.49,,,,510727824.0
20/12/2018,5303.93,,,,434052629.0
21/12/2018,5252.7,,,,433061339.0
24/12/2018,5203.16,,,,357947400.0
26/12/2018,5196.96,,,,351898058.0
27/12/2018,5206.63,,,,372928235.0
28/12/2018,5253.95,,,,289982074.0
31/12/2018,5295.48,,,,314444499.0
01/1/2019,5314.26,,,,289734296.0
02/1/2019,5275.18,,,,364690024.0
03/1/2019,5244.91,,,,284790942.0
04/1/2019,5253.02,,,,414863025.0
07/1/2019,5256.9,,,,302011505.0
08/1/2019,5264.29,,,,286914910.0
09/1/2019,5257.59,,,,295391857.0
10/1/2019,5271.36,,,,280149862.0
11/1/2019,5260.24,,,,292746982.0
14/1/2019,5236.8,,,,
15/1/2019,5284.65,,,,
16/1/2019,5295.55,,,,
17/1/2019,5278.2,,,,
18/1/2019,5229.4,,,,
21/1/2019,5189.15,,,,
22/1/2019,5157.7,,,,
23/1/2019,5150.3,,,,
24/1/2019,5130.5,,,,
25/1/2019,5057.65,,,,
28/1/2019,4964.75,,,,
29/1/2019,4971.6,,,,
30/1/2019,4993.9,,,,
31/1/2019,5021.6,,,,
01/2/2019,5024.7,,,,
04/2/2019,4951.3,,,,
05/2/2019,4906.45,,,,
06/2/2019,4918.9,,,,
07/2/2019,4950.95,,,,
08/2/2019,4895.45,,,,
11/2/2019,4817.85,,,,
12/2/2019,4803.6,,,,
13/2/2019,4777.8,,,,
14/2/2019,4775.25,,,,
15/2/2019,4736.15,,,,
18/2/2019,4695.1,,,,
20/2/2019,4758.3,,,,
21/2/2019,4809.0,,,,
22/2/2019,4847.15,,,,
25/2/2019,4885.2,,,,
26/2/2019,4856.6,,,,
27/2/2019,4865.9,,,,
28/2/2019,4907.55,,,,
01/3/2019,5022.65,,,,
05/3/2019,5207.25,,,,
06/3/2019,5261.95,,,,
07/3/2019,5258.15,,,,
08/3/2019,5253.8,,,,
11/3/2019,5352.65,,,,
12/3/2019,5410.25,,,,
13/3/2019,5390.65,,,,
14/3/2019,5388.15,,,,
15/3/2019,5360.25,,,,
18/3/2019,5351.35,,,,
19/3/2019,5374.95,,,,
20/3/2019,5356.85,,,,
22/3/2019,5328.6,,,,
25/3/2019,5268.2,,,,
26/3/2019,5311.4,,,,
27/3/2019,5365.05,,,,
28/3/2019,5406.15,,,,
29/3/2019,5438.8,,,,
02/4/2019,5485.8,,,,
03/4/2019,5433.4,,,,
04/4/2019,5408.1,,,,
05/4/2019,5457.0,,,,
08/4/2019,5439.95,,,,
09/4/2019,5433.75,,,,
10/4/2019,5442.65,,,,
11/4/2019,5447.15,,,,
12/4/2019,5480.15,,,,
15/4/2019,5510.65,,,,
16/4/2019,5527.45,,,,
18/4/2019,5461.85,,,,
22/4/2019,5380.0,,,,
23/4/2019,5363.95,,,,
24/4/2019,5396.3,,,,
25/4/2019,5395.95,,,,
26/4/2019,5389.6,,,,
30/4/2019,5328.25,,,,
02/5/2019,5320.4,,,,
03/5/2019,5311.6,,,,
06/5/2019,5269.6,,,,
07/5/2019,5228.2,,,,
08/5/2019,5158.35,,,,
09/5/2019,5142.6,,,,
10/5/2019,5158.0,,,,
13/5/2019,5041.25,,,,
14/5/2019,5067.6,,,,
15/5/2019,5035.1,,,,
16/5/2019,5042.9,,,,
17/5/2019,5059.15,,,,
20/5/2019,5264.15,,,,
21/5/2019,5231.15,,,,
22/5/2019,5252.4,,,,
23/5/2019,5244.55,,,,
24/5/2019,5374.4,,,,
27/5/2019,5464.95,,,,
28/5/2019,5479.15,,,,
29/5/2019,5444.3,,,,
30/5/2019,5451.5,,,,
31/5/2019,5412.9,,,,
03/6/2019,5416.2,,,,
04/6/2019,5412.9,,,,
06/6/2019,5325.7,,,,
07/6/2019,5320.05,,,,
10/6/2019,5284.7,,,,
11/6/2019,5293.55,,,,
12/6/2019,5273.05,,,,
13/6/2019,5244.9,,,,
14/6/2019,5212.3,,,,
17/6/2019,5137.15,,,,
18/6/2019,5111.95,,,,
19/6/2019,5041.8,,,,
20/6/2019,5093.2,,,,
21/6/2019,5092.15,,,,
24/6/2019,5080.1,,,,
25/6/2019,5101.45,,,,
26/6/2019,5127.45,,,,
27/6/2019,5141.35,,,,
28/6/2019,5138.55,,,,
01/7/2019,5163.45,,,,
02/7/2019,5156.4,,,,
03/7/2019,5170.55,,,,
04/7/2019,5186.75,,,,
05/7/2019,5120.25,,,,
08/7/2019,5009.3,,,,
09/7/2019,5014.7,,,,
10/7/2019,4979.0,,,,
11/7/2019,4996.95,,,,
12/7/2019,5015.85,,,,
15/7/2019,4975.8,,,,
16/7/2019,4975.8,,,,
17/7/2019,4975.8,,,,
18/7/2019,4924.45,,,,
19/7/2019,4841.05,,,,
22/7/2019,4772.4,,,,
23/7/2019,4797.5,,,,
24/7/2019,4737.8,,,,
25/7/2019,4724.4,,,,
26/7/2019,4726.45,,,,
29/7/2019,4678.0,,,,
30/7/2019,4567.55,,,,
31/7/2019,4581.6,,,,178523716.0
01/8/2019,4523.55,,,,
02/8/2019,4496.85,,,,
05/8/2019,4405.5,,,,154352097.0
06/8/2019,4478.85,,,,168060702.0
07/8/2019,4471.55,,,,
08/8/2019,4506.65,,,,
09/8/2019,4546.45,,,,
13/8/2019,4480.6,,,,
14/8/2019,4495.65,,,,
16/8/2019,4502.25,,,,
19/8/2019,4526.05,,,,
20/8/2019,4493.45,,,,
21/8/2019,4412.5,,,,
22/8/2019,4316.45,,,,
23/8/2019,4343.75,,,,
26/8/2019,4433.5,,,,
27/8/2019,4500.25,,,,
28/8/2019,4476.55,,,,
29/8/2019,4438.85,,,,
30/8/2019,4479.0,,,,
03/9/2019,4416.2,,,,
04/9/2019,4426.25,,,,
05/9/2019,4456.3,,,,
06/9/2019,4505.05,,,,
09/9/2019,4537.45,,,,
11/9/2019,4608.35,,,,
12/9/2019,4618.6,,,,
13/9/2019,4646.1,,,,
16/9/2019,4664.15,,,,
17/9/2019,4571.2,,,,
18/9/2019,4577.8,,,,
19/9/2019,4512.65,,,,
20/9/2019,4668.95,,,,
23/9/2019,4819.9,,,,
24/9/2019,4820.85,,,,
25/9/2019,4742.85,,,,
26/9/2019,4766.5,,,,
27/9/2019,4730.8,,,,
30/9/2019,4677.4,,,,
01/10/2019,4598.05,,,,
03/10/2019,4576.85,,,,
04/10/2019,4535.9,,,,
07/10/2019,4488.4,,,,
09/10/2019,4515.85,,,,
10/10/2019,4492.55,,,,
11/10/2019,4506.85,,,,
14/10/2019,4507.55,,,,
15/10/2019,4504.8,,,,
16/10/2019,4513.8,,,,
17/10/2019,4557.7,,,,
18/10/2019,4643.2,,,,
22/10/2019,4681.85,,,,
23/10/2019,4687.4,,,,
24/10/2019,4664.75,,,,
25/10/2019,4645.8,,,,
29/10/2019,4726.8,,,,
30/10/2019,4756.85,,,,
31/10/2019,4789.75,,,,
01/11/2019,4817.6,,,,
04/11/2019,4839.0,,,,
05/11/2019,4794.3,,,,
06/11/2019,4772.15,,,,
07/11/2019,4796.4,,,,
08/11/2019,4774.25,,,,
11/11/2019,4778.35,,,,
13/11/2019,4739.65,,,,
14/11/2019,4739.5,,,,
15/11/2019,4733.65,,,,
18/11/2019,4742.3,,,,
19/11/2019,4755.05,,,,
20/11/2019,4757.8,,,,
21/11/2019,4743.55,,,,
22/11/2019,4744.35,,,,
25/11/2019,4785.45,,,,
26/11/2019,4764.5,,,,
27/11/2019,4767.6,,,,
28/11/2019,4797.05,,,,
29/11/2019,4831.05,,,,
02/12/2019,4795.85,,,,
03/12/2019,4757.75,,,,
04/12/2019,4775.0,,,,
05/12/2019,4781.35,,,,